timestamp,system_time,machine_id,logical_clock,event_type,queue_length,message,vm_id,clock_rate,time_since_start,prev_lc,lc_jump
2025-02-27 18:33:41,1740699221.0,2,0,other,0,2025-02-27 18:33:41.f - M2 [LC:0] Initialized with clock rate 2 ticks/second,2,2,0.0,1.0,-1.0
2025-02-27 18:33:41,1740699221.0,0,2,receive,0,2025-02-27 18:33:41.f - M0 [LC:2] Received message. Queue length: 0,0,4,0.0,0.0,2.0
2025-02-27 18:33:41,1740699221.0,0,4,receive,0,2025-02-27 18:33:41.f - M0 [LC:4] Received message. Queue length: 0,0,4,0.0,2.0,1.0
2025-02-27 18:33:41,1740699221.0,0,5,send_one,0,2025-02-27 18:33:41.f - M0 [LC:5] Sent message to VM 2,0,4,0.0,3.0,1.0
2025-02-27 18:33:41,1740699221.0,1,5,internal,0,2025-02-27 18:33:41.f - M1 [LC:5] Internal event,1,6,0.0,0.0,0.0
2025-02-27 18:33:41,1740699221.0,1,4,send_one,0,2025-02-27 18:33:41.f - M1 [LC:4] Sent message to VM 2,1,6,0.0,3.0,1.0
2025-02-27 18:33:41,1740699221.0,1,3,send_all,0,2025-02-27 18:33:41.f - M1 [LC:3] Sent messages to all VMs,1,6,0.0,2.0,1.0
2025-02-27 18:33:41,1740699221.0,1,2,send_one,0,2025-02-27 18:33:41.f - M1 [LC:2] Sent message to VM 2,1,6,0.0,0.0,2.0
2025-02-27 18:33:41,1740699221.0,1,1,send_one,0,2025-02-27 18:33:41.f - M1 [LC:1] Sent message to VM 0,1,6,0.0,4.0,-3.0
2025-02-27 18:33:41,1740699221.0,1,1,other,0,2025-02-27 18:33:41.f - M1 [LC:1] Started VM 1 with clock rate 6,1,6,0.0,0.0,1.0
2025-02-27 18:33:41,1740699221.0,1,0,other,0,2025-02-27 18:33:41.f - M1 [LC:0] Connected to VM 2 on port 10002,1,6,0.0,0.0,0.0
2025-02-27 18:33:41,1740699221.0,1,0,other,0,2025-02-27 18:33:41.f - M1 [LC:0] Connected to VM 0 on port 10000,1,6,0.0,5.0,-5.0
2025-02-27 18:33:41,1740699221.0,1,0,other,0,2025-02-27 18:33:41.f - M1 [LC:0] Initialized with clock rate 6 ticks/second,1,6,0.0,1.0,-1.0
2025-02-27 18:33:41,1740699221.0,0,1,internal,0,2025-02-27 18:33:41.f - M0 [LC:1] Internal event,0,4,0.0,0.0,1.0
2025-02-27 18:33:41,1740699221.0,0,0,other,0,2025-02-27 18:33:41.f - M0 [LC:0] Connected to VM 2 on port 10002,0,4,0.0,0.0,0.0
2025-02-27 18:33:41,1740699221.0,0,0,other,0,2025-02-27 18:33:41.f - M0 [LC:0] Connected to VM 1 on port 10001,0,4,0.0,5.0,-5.0
2025-02-27 18:33:41,1740699221.0,0,0,other,0,2025-02-27 18:33:41.f - M0 [LC:0] Initialized with clock rate 4 ticks/second,0,4,0.0,1.0,-1.0
2025-02-27 18:33:41,1740699221.0,2,3,receive,1,2025-02-27 18:33:41.f - M2 [LC:3] Received message. Queue length: 1,2,2,0.0,0.0,2.0
2025-02-27 18:33:41,1740699221.0,2,1,other,0,2025-02-27 18:33:41.f - M2 [LC:1] Started VM 2 with clock rate 2,2,2,0.0,4.0,-3.0
2025-02-27 18:33:41,1740699221.0,2,1,internal,0,2025-02-27 18:33:41.f - M2 [LC:1] Internal event,2,2,0.0,0.0,1.0
2025-02-27 18:33:41,1740699221.0,2,0,other,0,2025-02-27 18:33:41.f - M2 [LC:0] Connected to VM 1 on port 10001,2,2,0.0,0.0,0.0
2025-02-27 18:33:41,1740699221.0,2,0,other,0,2025-02-27 18:33:41.f - M2 [LC:0] Connected to VM 0 on port 10000,2,2,0.0,5.0,-5.0
2025-02-27 18:33:41,1740699221.0,0,1,other,0,2025-02-27 18:33:41.f - M0 [LC:1] Started VM 0 with clock rate 4,0,4,0.0,4.0,-3.0
2025-02-27 18:33:42,1740699222.0,0,6,send_all,0,2025-02-27 18:33:42.f - M0 [LC:6] Sent messages to all VMs,0,4,1.0,0.0,0.0
2025-02-27 18:33:42,1740699222.0,0,7,internal,0,2025-02-27 18:33:42.f - M0 [LC:7] Internal event,0,4,1.0,8.0,-2.0
2025-02-27 18:33:42,1740699222.0,0,10,receive,0,2025-02-27 18:33:42.f - M0 [LC:10] Received message. Queue length: 0,0,4,1.0,11.0,-4.0
2025-02-27 18:33:42,1740699222.0,0,11,send_all,0,2025-02-27 18:33:42.f - M0 [LC:11] Sent messages to all VMs,0,4,1.0,9.0,-1.0
2025-02-27 18:33:42,1740699222.0,1,11,internal,0,2025-02-27 18:33:42.f - M1 [LC:11] Internal event,1,6,1.0,1.0,10.0
2025-02-27 18:33:42,1740699222.0,1,7,receive,0,2025-02-27 18:33:42.f - M1 [LC:7] Received message. Queue length: 0,1,6,1.0,11.0,-4.0
2025-02-27 18:33:42,1740699222.0,2,4,receive,2,2025-02-27 18:33:42.f - M2 [LC:4] Received message. Queue length: 2,2,2,1.0,2.0,1.0
2025-02-27 18:33:42,1740699222.0,1,9,send_one,0,2025-02-27 18:33:42.f - M1 [LC:9] Sent message to VM 0,1,6,1.0,7.0,2.0
2025-02-27 18:33:42,1740699222.0,1,8,internal,0,2025-02-27 18:33:42.f - M1 [LC:8] Internal event,1,6,1.0,9.0,-1.0
2025-02-27 18:33:42,1740699222.0,2,5,receive,2,2025-02-27 18:33:42.f - M2 [LC:5] Received message. Queue length: 2,2,2,1.0,3.0,1.0
2025-02-27 18:33:42,1740699222.0,1,6,internal,0,2025-02-27 18:33:42.f - M1 [LC:6] Internal event,1,6,1.0,8.0,-2.0
2025-02-27 18:33:42,1740699222.0,1,10,internal,0,2025-02-27 18:33:42.f - M1 [LC:10] Internal event,1,6,1.0,6.0,4.0
2025-02-27 18:33:43,1740699223.0,1,12,receive,0,2025-02-27 18:33:43.f - M1 [LC:12] Received message. Queue length: 0,1,6,2.0,17.0,-5.0
2025-02-27 18:33:43,1740699223.0,0,15,send_all,0,2025-02-27 18:33:43.f - M0 [LC:15] Sent messages to all VMs,0,4,2.0,17.0,-5.0
2025-02-27 18:33:43,1740699223.0,0,14,internal,0,2025-02-27 18:33:43.f - M0 [LC:14] Internal event,0,4,2.0,1.0,10.0
2025-02-27 18:33:43,1740699223.0,0,13,internal,0,2025-02-27 18:33:43.f - M0 [LC:13] Internal event,0,4,2.0,6.0,4.0
2025-02-27 18:33:43,1740699223.0,0,12,send_all,0,2025-02-27 18:33:43.f - M0 [LC:12] Sent messages to all VMs,0,4,2.0,7.0,2.0
2025-02-27 18:33:43,1740699223.0,2,7,receive,2,2025-02-27 18:33:43.f - M2 [LC:7] Received message. Queue length: 2,2,2,2.0,8.0,-2.0
2025-02-27 18:33:43,1740699223.0,1,17,internal,0,2025-02-27 18:33:43.f - M1 [LC:17] Internal event,1,6,2.0,13.0,4.0
2025-02-27 18:33:43,1740699223.0,1,16,internal,0,2025-02-27 18:33:43.f - M1 [LC:16] Internal event,1,6,2.0,12.0,4.0
2025-02-27 18:33:43,1740699223.0,1,15,internal,0,2025-02-27 18:33:43.f - M1 [LC:15] Internal event,1,6,2.0,14.0,1.0
2025-02-27 18:33:43,1740699223.0,1,14,internal,0,2025-02-27 18:33:43.f - M1 [LC:14] Internal event,1,6,2.0,10.0,4.0
2025-02-27 18:33:43,1740699223.0,1,13,receive,0,2025-02-27 18:33:43.f - M1 [LC:13] Received message. Queue length: 0,1,6,2.0,15.0,-2.0
2025-02-27 18:33:43,1740699223.0,2,6,receive,2,2025-02-27 18:33:43.f - M2 [LC:6] Received message. Queue length: 2,2,2,2.0,0.0,0.0
2025-02-27 18:33:44,1740699224.0,0,17,internal,0,2025-02-27 18:33:44.f - M0 [LC:17] Internal event,0,4,3.0,10.0,4.0
2025-02-27 18:33:44,1740699224.0,0,16,send_one,0,2025-02-27 18:33:44.f - M0 [LC:16] Sent message to VM 1,0,4,3.0,15.0,-2.0
2025-02-27 18:33:44,1740699224.0,0,18,send_one,0,2025-02-27 18:33:44.f - M0 [LC:18] Sent message to VM 2,0,4,3.0,14.0,1.0
2025-02-27 18:33:44,1740699224.0,1,22,send_one,0,2025-02-27 18:33:44.f - M1 [LC:22] Sent message to VM 2,1,6,3.0,16.0,6.0
2025-02-27 18:33:44,1740699224.0,1,18,receive,0,2025-02-27 18:33:44.f - M1 [LC:18] Received message. Queue length: 0,1,6,3.0,22.0,-4.0
2025-02-27 18:33:44,1740699224.0,2,12,receive,2,2025-02-27 18:33:44.f - M2 [LC:12] Received message. Queue length: 2,2,2,3.0,11.0,-4.0
2025-02-27 18:33:44,1740699224.0,2,13,receive,1,2025-02-27 18:33:44.f - M2 [LC:13] Received message. Queue length: 1,2,2,3.0,9.0,-1.0
2025-02-27 18:33:44,1740699224.0,1,23,send_one,0,2025-02-27 18:33:44.f - M1 [LC:23] Sent message to VM 2,1,6,3.0,18.0,5.0
2025-02-27 18:33:44,1740699224.0,1,21,internal,0,2025-02-27 18:33:44.f - M1 [LC:21] Internal event,1,6,3.0,23.0,-2.0
2025-02-27 18:33:44,1740699224.0,1,20,internal,0,2025-02-27 18:33:44.f - M1 [LC:20] Internal event,1,6,3.0,21.0,-1.0
2025-02-27 18:33:44,1740699224.0,1,19,receive,0,2025-02-27 18:33:44.f - M1 [LC:19] Received message. Queue length: 0,1,6,3.0,20.0,-1.0
2025-02-27 18:33:45,1740699225.0,1,29,send_one,0,2025-02-27 18:33:45.f - M1 [LC:29] Sent message to VM 2,1,6,4.0,27.0,2.0
2025-02-27 18:33:45,1740699225.0,1,28,internal,0,2025-02-27 18:33:45.f - M1 [LC:28] Internal event,1,6,4.0,29.0,-1.0
2025-02-27 18:33:45,1740699225.0,1,27,send_one,0,2025-02-27 18:33:45.f - M1 [LC:27] Sent message to VM 2,1,6,4.0,26.0,1.0
2025-02-27 18:33:45,1740699225.0,1,26,send_all,0,2025-02-27 18:33:45.f - M1 [LC:26] Sent messages to all VMs,1,6,4.0,25.0,1.0
2025-02-27 18:33:45,1740699225.0,1,25,receive,0,2025-02-27 18:33:45.f - M1 [LC:25] Received message. Queue length: 0,1,6,4.0,24.0,1.0
2025-02-27 18:33:45,1740699225.0,2,16,receive,3,2025-02-27 18:33:45.f - M2 [LC:16] Received message. Queue length: 3,2,2,4.0,7.0,2.0
2025-02-27 18:33:45,1740699225.0,2,19,receive,5,2025-02-27 18:33:45.f - M2 [LC:19] Received message. Queue length: 5,2,2,4.0,6.0,4.0
2025-02-27 18:33:45,1740699225.0,0,20,send_all,0,2025-02-27 18:33:45.f - M0 [LC:20] Sent messages to all VMs,0,4,4.0,13.0,4.0
2025-02-27 18:33:45,1740699225.0,1,24,internal,0,2025-02-27 18:33:45.f - M1 [LC:24] Internal event,1,6,4.0,19.0,5.0
2025-02-27 18:33:45,1740699225.0,0,28,internal,0,2025-02-27 18:33:45.f - M0 [LC:28] Internal event,0,4,4.0,20.0,-1.0
2025-02-27 18:33:45,1740699225.0,0,27,receive,0,2025-02-27 18:33:45.f - M0 [LC:27] Received message. Queue length: 0,0,4,4.0,22.0,-4.0
2025-02-27 18:33:45,1740699225.0,0,19,internal,0,2025-02-27 18:33:45.f - M0 [LC:19] Internal event,0,4,4.0,12.0,4.0
2025-02-27 18:33:46,1740699226.0,1,34,internal,0,2025-02-27 18:33:46.f - M1 [LC:34] Internal event,1,6,5.0,28.0,6.0
2025-02-27 18:33:46,1740699226.0,0,33,internal,0,2025-02-27 18:33:46.f - M0 [LC:33] Internal event,0,4,5.0,18.0,5.0
2025-02-27 18:33:46,1740699226.0,0,32,send_one,0,2025-02-27 18:33:46.f - M0 [LC:32] Sent message to VM 2,0,4,5.0,16.0,6.0
2025-02-27 18:33:46,1740699226.0,0,31,receive,0,2025-02-27 18:33:46.f - M0 [LC:31] Received message. Queue length: 0,0,4,5.0,23.0,-2.0
2025-02-27 18:33:46,1740699226.0,0,29,internal,0,2025-02-27 18:33:46.f - M0 [LC:29] Internal event,0,4,5.0,21.0,-1.0
2025-02-27 18:33:46,1740699226.0,1,30,send_one,0,2025-02-27 18:33:46.f - M1 [LC:30] Sent message to VM 0,1,6,5.0,34.0,-4.0
2025-02-27 18:33:46,1740699226.0,1,31,internal,0,2025-02-27 18:33:46.f - M1 [LC:31] Internal event,1,6,5.0,30.0,1.0
2025-02-27 18:33:46,1740699226.0,1,33,send_one,0,2025-02-27 18:33:46.f - M1 [LC:33] Sent message to VM 2,1,6,5.0,31.0,2.0
2025-02-27 18:33:46,1740699226.0,1,35,internal,0,2025-02-27 18:33:46.f - M1 [LC:35] Internal event,1,6,5.0,33.0,2.0
2025-02-27 18:33:46,1740699226.0,1,32,internal,0,2025-02-27 18:33:46.f - M1 [LC:32] Internal event,1,6,5.0,35.0,-3.0
2025-02-27 18:33:46,1740699226.0,2,24,receive,6,2025-02-27 18:33:46.f - M2 [LC:24] Received message. Queue length: 6,2,2,5.0,17.0,-5.0
2025-02-27 18:33:46,1740699226.0,2,23,receive,5,2025-02-27 18:33:46.f - M2 [LC:23] Received message. Queue length: 5,2,2,5.0,1.0,10.0
2025-02-27 18:33:47,1740699227.0,1,40,internal,0,2025-02-27 18:33:47.f - M1 [LC:40] Internal event,1,6,6.0,36.0,4.0
2025-02-27 18:33:47,1740699227.0,1,39,receive,0,2025-02-27 18:33:47.f - M1 [LC:39] Received message. Queue length: 0,1,6,6.0,40.0,-1.0
2025-02-27 18:33:47,1740699227.0,1,38,internal,0,2025-02-27 18:33:47.f - M1 [LC:38] Internal event,1,6,6.0,37.0,1.0
2025-02-27 18:33:47,1740699227.0,1,37,receive,0,2025-02-27 18:33:47.f - M1 [LC:37] Received message. Queue length: 0,1,6,6.0,32.0,5.0
2025-02-27 18:33:47,1740699227.0,1,36,internal,0,2025-02-27 18:33:47.f - M1 [LC:36] Internal event,1,6,6.0,38.0,-2.0
2025-02-27 18:33:47,1740699227.0,2,25,receive,5,2025-02-27 18:33:47.f - M2 [LC:25] Received message. Queue length: 5,2,2,6.0,15.0,-2.0
2025-02-27 18:33:47,1740699227.0,0,37,send_one,0,2025-02-27 18:33:47.f - M0 [LC:37] Sent message to VM 2,0,4,6.0,26.0,1.0
2025-02-27 18:33:47,1740699227.0,2,27,receive,6,2025-02-27 18:33:47.f - M2 [LC:27] Received message. Queue length: 6,2,2,6.0,10.0,4.0
2025-02-27 18:33:47,1740699227.0,0,34,internal,0,2025-02-27 18:33:47.f - M0 [LC:34] Internal event,0,4,6.0,19.0,5.0
2025-02-27 18:33:47,1740699227.0,0,35,send_all,0,2025-02-27 18:33:47.f - M0 [LC:35] Sent messages to all VMs,0,4,6.0,24.0,1.0
2025-02-27 18:33:47,1740699227.0,0,36,send_all,0,2025-02-27 18:33:47.f - M0 [LC:36] Sent messages to all VMs,0,4,6.0,25.0,1.0
2025-02-27 18:33:48,1740699228.0,2,30,receive,6,2025-02-27 18:33:48.f - M2 [LC:30] Received message. Queue length: 6,2,2,7.0,12.0,4.0
2025-02-27 18:33:48,1740699228.0,1,45,internal,0,2025-02-27 18:33:48.f - M1 [LC:45] Internal event,1,6,7.0,39.0,6.0
2025-02-27 18:33:48,1740699228.0,0,41,internal,0,2025-02-27 18:33:48.f - M0 [LC:41] Internal event,0,4,7.0,30.0,1.0
2025-02-27 18:33:48,1740699228.0,0,40,internal,0,2025-02-27 18:33:48.f - M0 [LC:40] Internal event,0,4,7.0,34.0,-4.0
2025-02-27 18:33:48,1740699228.0,1,41,internal,0,2025-02-27 18:33:48.f - M1 [LC:41] Internal event,1,6,7.0,45.0,-4.0
2025-02-27 18:33:48,1740699228.0,1,42,send_one,0,2025-02-27 18:33:48.f - M1 [LC:42] Sent message to VM 2,1,6,7.0,41.0,1.0
2025-02-27 18:33:48,1740699228.0,1,43,internal,0,2025-02-27 18:33:48.f - M1 [LC:43] Internal event,1,6,7.0,42.0,1.0
2025-02-27 18:33:48,1740699228.0,1,44,internal,0,2025-02-27 18:33:48.f - M1 [LC:44] Internal event,1,6,7.0,43.0,1.0
2025-02-27 18:33:48,1740699228.0,2,28,receive,7,2025-02-27 18:33:48.f - M2 [LC:28] Received message. Queue length: 7,2,2,7.0,14.0,1.0
2025-02-27 18:33:48,1740699228.0,1,46,send_all,0,2025-02-27 18:33:48.f - M1 [LC:46] Sent messages to all VMs,1,6,7.0,44.0,2.0
2025-02-27 18:33:48,1740699228.0,0,39,internal,0,2025-02-27 18:33:48.f - M0 [LC:39] Internal event,0,4,7.0,27.0,2.0
2025-02-27 18:33:48,1740699228.0,0,38,internal,0,2025-02-27 18:33:48.f - M0 [LC:38] Internal event,0,4,7.0,29.0,-1.0
2025-02-27 18:33:49,1740699229.0,0,47,receive,0,2025-02-27 18:33:49.f - M0 [LC:47] Received message. Queue length: 0,0,4,8.0,35.0,-3.0
2025-02-27 18:33:49,1740699229.0,0,48,send_one,0,2025-02-27 18:33:49.f - M0 [LC:48] Sent message to VM 2,0,4,8.0,31.0,2.0
2025-02-27 18:33:49,1740699229.0,0,49,internal,0,2025-02-27 18:33:49.f - M0 [LC:49] Internal event,0,4,8.0,28.0,6.0
2025-02-27 18:33:49,1740699229.0,0,50,internal,0,2025-02-27 18:33:49.f - M0 [LC:50] Internal event,0,4,8.0,33.0,2.0
2025-02-27 18:33:49,1740699229.0,1,49,internal,0,2025-02-27 18:33:49.f - M1 [LC:49] Internal event,1,6,8.0,50.0,-1.0
2025-02-27 18:33:49,1740699229.0,2,34,receive,7,2025-02-27 18:33:49.f - M2 [LC:34] Received message. Queue length: 7,2,2,8.0,22.0,-4.0
2025-02-27 18:33:49,1740699229.0,2,33,receive,7,2025-02-27 18:33:49.f - M2 [LC:33] Received message. Queue length: 7,2,2,8.0,13.0,4.0
2025-02-27 18:33:49,1740699229.0,1,48,internal,0,2025-02-27 18:33:49.f - M1 [LC:48] Internal event,1,6,8.0,49.0,-1.0
2025-02-27 18:33:49,1740699229.0,1,52,send_one,0,2025-02-27 18:33:49.f - M1 [LC:52] Sent message to VM 2,1,6,8.0,47.0,5.0
2025-02-27 18:33:49,1740699229.0,1,51,internal,0,2025-02-27 18:33:49.f - M1 [LC:51] Internal event,1,6,8.0,48.0,3.0
2025-02-27 18:33:49,1740699229.0,1,50,internal,0,2025-02-27 18:33:49.f - M1 [LC:50] Internal event,1,6,8.0,52.0,-2.0
2025-02-27 18:33:49,1740699229.0,1,47,send_one,0,2025-02-27 18:33:49.f - M1 [LC:47] Sent message to VM 2,1,6,8.0,46.0,1.0
2025-02-27 18:33:50,1740699230.0,1,57,internal,0,2025-02-27 18:33:50.f - M1 [LC:57] Internal event,1,6,9.0,51.0,6.0
2025-02-27 18:33:50,1740699230.0,0,52,internal,0,2025-02-27 18:33:50.f - M0 [LC:52] Internal event,0,4,9.0,32.0,5.0
2025-02-27 18:33:50,1740699230.0,0,51,send_all,0,2025-02-27 18:33:50.f - M0 [LC:51] Sent messages to all VMs,0,4,9.0,38.0,-2.0
2025-02-27 18:33:50,1740699230.0,1,56,send_one,0,2025-02-27 18:33:50.f - M1 [LC:56] Sent message to VM 0,1,6,9.0,57.0,-1.0
2025-02-27 18:33:50,1740699230.0,1,53,internal,0,2025-02-27 18:33:50.f - M1 [LC:53] Internal event,1,6,9.0,56.0,-3.0
2025-02-27 18:33:50,1740699230.0,0,58,send_all,0,2025-02-27 18:33:50.f - M0 [LC:58] Sent messages to all VMs,0,4,9.0,40.0,-1.0
2025-02-27 18:33:50,1740699230.0,2,37,receive,7,2025-02-27 18:33:50.f - M2 [LC:37] Received message. Queue length: 7,2,2,9.0,21.0,-1.0
2025-02-27 18:33:50,1740699230.0,0,57,receive,0,2025-02-27 18:33:50.f - M0 [LC:57] Received message. Queue length: 0,0,4,9.0,37.0,1.0
2025-02-27 18:33:50,1740699230.0,1,54,receive,0,2025-02-27 18:33:50.f - M1 [LC:54] Received message. Queue length: 0,1,6,9.0,53.0,1.0
2025-02-27 18:33:50,1740699230.0,1,55,internal,0,2025-02-27 18:33:50.f - M1 [LC:55] Internal event,1,6,9.0,54.0,1.0
2025-02-27 18:33:50,1740699230.0,1,59,receive,0,2025-02-27 18:33:50.f - M1 [LC:59] Received message. Queue length: 0,1,6,9.0,55.0,4.0
2025-02-27 18:33:50,1740699230.0,2,36,receive,8,2025-02-27 18:33:50.f - M2 [LC:36] Received message. Queue length: 8,2,2,9.0,20.0,-1.0
2025-02-27 18:33:51,1740699231.0,0,59,internal,0,2025-02-27 18:33:51.f - M0 [LC:59] Internal event,0,4,10.0,36.0,4.0
2025-02-27 18:33:51,1740699231.0,0,60,internal,0,2025-02-27 18:33:51.f - M0 [LC:60] Internal event,0,4,10.0,45.0,-4.0
2025-02-27 18:33:51,1740699231.0,0,61,internal,0,2025-02-27 18:33:51.f - M0 [LC:61] Internal event,0,4,10.0,41.0,1.0
2025-02-27 18:33:51,1740699231.0,0,62,internal,0,2025-02-27 18:33:51.f - M0 [LC:62] Internal event,0,4,10.0,42.0,1.0
2025-02-27 18:33:51,1740699231.0,1,60,internal,0,2025-02-27 18:33:51.f - M1 [LC:60] Internal event,1,6,10.0,62.0,-2.0
2025-02-27 18:33:51,1740699231.0,1,61,internal,0,2025-02-27 18:33:51.f - M1 [LC:61] Internal event,1,6,10.0,60.0,1.0
2025-02-27 18:33:51,1740699231.0,1,62,send_one,0,2025-02-27 18:33:51.f - M1 [LC:62] Sent message to VM 2,1,6,10.0,65.0,-3.0
2025-02-27 18:33:51,1740699231.0,1,63,internal,0,2025-02-27 18:33:51.f - M1 [LC:63] Internal event,1,6,10.0,59.0,4.0
2025-02-27 18:33:51,1740699231.0,1,65,internal,0,2025-02-27 18:33:51.f - M1 [LC:65] Internal event,1,6,10.0,64.0,1.0
2025-02-27 18:33:51,1740699231.0,2,43,receive,7,2025-02-27 18:33:51.f - M2 [LC:43] Received message. Queue length: 7,2,2,10.0,16.0,6.0
2025-02-27 18:33:51,1740699231.0,2,38,receive,7,2025-02-27 18:33:51.f - M2 [LC:38] Received message. Queue length: 7,2,2,10.0,23.0,-2.0
2025-02-27 18:33:51,1740699231.0,1,64,internal,0,2025-02-27 18:33:51.f - M1 [LC:64] Internal event,1,6,10.0,63.0,1.0
2025-02-27 18:33:52,1740699232.0,1,67,internal,0,2025-02-27 18:33:52.f - M1 [LC:67] Internal event,1,6,11.0,61.0,6.0
2025-02-27 18:33:52,1740699232.0,1,71,receive,0,2025-02-27 18:33:52.f - M1 [LC:71] Received message. Queue length: 0,1,6,11.0,67.0,4.0
2025-02-27 18:33:52,1740699232.0,1,68,send_one,0,2025-02-27 18:33:52.f - M1 [LC:68] Sent message to VM 0,1,6,11.0,71.0,-3.0
2025-02-27 18:33:52,1740699232.0,1,70,send_one,0,2025-02-27 18:33:52.f - M1 [LC:70] Sent message to VM 2,1,6,11.0,68.0,2.0
2025-02-27 18:33:52,1740699232.0,1,69,internal,0,2025-02-27 18:33:52.f - M1 [LC:69] Internal event,1,6,11.0,70.0,-1.0
2025-02-27 18:33:52,1740699232.0,0,70,send_all,0,2025-02-27 18:33:52.f - M0 [LC:70] Sent messages to all VMs,0,4,11.0,46.0,1.0
2025-02-27 18:33:52,1740699232.0,0,64,internal,0,2025-02-27 18:33:52.f - M0 [LC:64] Internal event,0,4,11.0,39.0,6.0
2025-02-27 18:33:52,1740699232.0,0,69,receive,0,2025-02-27 18:33:52.f - M0 [LC:69] Received message. Queue length: 0,0,4,11.0,44.0,2.0
2025-02-27 18:33:52,1740699232.0,2,48,receive,5,2025-02-27 18:33:52.f - M2 [LC:48] Received message. Queue length: 5,2,2,11.0,19.0,5.0
2025-02-27 18:33:52,1740699232.0,2,47,receive,6,2025-02-27 18:33:52.f - M2 [LC:47] Received message. Queue length: 6,2,2,11.0,18.0,5.0
2025-02-27 18:33:52,1740699232.0,1,66,internal,0,2025-02-27 18:33:52.f - M1 [LC:66] Internal event,1,6,11.0,69.0,-3.0
2025-02-27 18:33:52,1740699232.0,0,63,internal,0,2025-02-27 18:33:52.f - M0 [LC:63] Internal event,0,4,11.0,43.0,1.0
2025-02-27 18:33:53,1740699233.0,0,71,send_one,0,2025-02-27 18:33:53.f - M0 [LC:71] Sent message to VM 1,0,4,12.0,49.0,-1.0
2025-02-27 18:33:53,1740699233.0,0,72,internal,0,2025-02-27 18:33:53.f - M0 [LC:72] Internal event,0,4,12.0,50.0,-1.0
2025-02-27 18:33:53,1740699233.0,0,75,receive,0,2025-02-27 18:33:53.f - M0 [LC:75] Received message. Queue length: 0,0,4,12.0,52.0,-2.0
2025-02-27 18:33:53,1740699233.0,0,76,internal,0,2025-02-27 18:33:53.f - M0 [LC:76] Internal event,0,4,12.0,48.0,3.0
2025-02-27 18:33:53,1740699233.0,2,49,receive,6,2025-02-27 18:33:53.f - M2 [LC:49] Received message. Queue length: 6,2,2,12.0,24.0,1.0
2025-02-27 18:33:53,1740699233.0,1,74,send_one,0,2025-02-27 18:33:53.f - M1 [LC:74] Sent message to VM 0,1,6,12.0,72.0,2.0
2025-02-27 18:33:53,1740699233.0,2,53,receive,5,2025-02-27 18:33:53.f - M2 [LC:53] Received message. Queue length: 5,2,2,12.0,25.0,1.0
2025-02-27 18:33:53,1740699233.0,1,73,internal,0,2025-02-27 18:33:53.f - M1 [LC:73] Internal event,1,6,12.0,74.0,-1.0
2025-02-27 18:33:53,1740699233.0,1,72,receive,0,2025-02-27 18:33:53.f - M1 [LC:72] Received message. Queue length: 0,1,6,12.0,75.0,-3.0
2025-02-27 18:33:53,1740699233.0,1,75,internal,0,2025-02-27 18:33:53.f - M1 [LC:75] Internal event,1,6,12.0,76.0,-1.0
2025-02-27 18:33:53,1740699233.0,1,76,internal,0,2025-02-27 18:33:53.f - M1 [LC:76] Internal event,1,6,12.0,77.0,-1.0
2025-02-27 18:33:53,1740699233.0,1,77,internal,0,2025-02-27 18:33:53.f - M1 [LC:77] Internal event,1,6,12.0,66.0,11.0
2025-02-27 18:33:54,1740699234.0,1,81,internal,0,2025-02-27 18:33:54.f - M1 [LC:81] Internal event,1,6,13.0,73.0,8.0
2025-02-27 18:33:54,1740699234.0,1,78,send_all,0,2025-02-27 18:33:54.f - M1 [LC:78] Sent messages to all VMs,1,6,13.0,81.0,-3.0
2025-02-27 18:33:54,1740699234.0,1,82,internal,0,2025-02-27 18:33:54.f - M1 [LC:82] Internal event,1,6,13.0,78.0,4.0
2025-02-27 18:33:54,1740699234.0,0,77,internal,0,2025-02-27 18:33:54.f - M0 [LC:77] Internal event,0,4,13.0,47.0,5.0
2025-02-27 18:33:54,1740699234.0,0,79,receive,0,2025-02-27 18:33:54.f - M0 [LC:79] Received message. Queue length: 0,0,4,13.0,56.0,-3.0
2025-02-27 18:33:54,1740699234.0,0,80,internal,0,2025-02-27 18:33:54.f - M0 [LC:80] Internal event,0,4,13.0,53.0,1.0
2025-02-27 18:33:54,1740699234.0,2,59,receive,4,2025-02-27 18:33:54.f - M2 [LC:59] Received message. Queue length: 4,2,2,13.0,29.0,-1.0
2025-02-27 18:33:54,1740699234.0,1,80,internal,0,2025-02-27 18:33:54.f - M1 [LC:80] Internal event,1,6,13.0,82.0,-2.0
2025-02-27 18:33:54,1740699234.0,2,54,receive,5,2025-02-27 18:33:54.f - M2 [LC:54] Received message. Queue length: 5,2,2,13.0,26.0,1.0
2025-02-27 18:33:54,1740699234.0,0,81,internal,0,2025-02-27 18:33:54.f - M0 [LC:81] Internal event,0,4,13.0,54.0,1.0
2025-02-27 18:33:54,1740699234.0,1,79,internal,0,2025-02-27 18:33:54.f - M1 [LC:79] Internal event,1,6,13.0,80.0,-1.0
2025-02-27 18:33:55,1740699235.0,0,82,internal,0,2025-02-27 18:33:55.f - M0 [LC:82] Internal event,0,4,14.0,57.0,-1.0
2025-02-27 18:33:55,1740699235.0,0,83,internal,0,2025-02-27 18:33:55.f - M0 [LC:83] Internal event,0,4,14.0,51.0,6.0
2025-02-27 18:33:55,1740699235.0,0,84,send_one,0,2025-02-27 18:33:55.f - M0 [LC:84] Sent message to VM 2,0,4,14.0,55.0,4.0
2025-02-27 18:33:55,1740699235.0,1,84,internal,0,2025-02-27 18:33:55.f - M1 [LC:84] Internal event,1,6,14.0,88.0,-4.0
2025-02-27 18:33:55,1740699235.0,1,83,internal,0,2025-02-27 18:33:55.f - M1 [LC:83] Internal event,1,6,14.0,85.0,-2.0
2025-02-27 18:33:55,1740699235.0,2,71,receive,3,2025-02-27 18:33:55.f - M2 [LC:71] Received message. Queue length: 3,2,2,14.0,34.0,-4.0
2025-02-27 18:33:55,1740699235.0,2,63,receive,3,2025-02-27 18:33:55.f - M2 [LC:63] Received message. Queue length: 3,2,2,14.0,27.0,2.0
2025-02-27 18:33:55,1740699235.0,1,88,internal,0,2025-02-27 18:33:55.f - M1 [LC:88] Internal event,1,6,14.0,83.0,5.0
2025-02-27 18:33:55,1740699235.0,1,87,send_one,0,2025-02-27 18:33:55.f - M1 [LC:87] Sent message to VM 0,1,6,14.0,86.0,1.0
2025-02-27 18:33:55,1740699235.0,1,86,internal,0,2025-02-27 18:33:55.f - M1 [LC:86] Internal event,1,6,14.0,79.0,7.0
2025-02-27 18:33:55,1740699235.0,0,88,receive,0,2025-02-27 18:33:55.f - M0 [LC:88] Received message. Queue length: 0,0,4,14.0,62.0,-2.0
2025-02-27 18:33:55,1740699235.0,1,85,internal,0,2025-02-27 18:33:55.f - M1 [LC:85] Internal event,1,6,14.0,87.0,-2.0
2025-02-27 18:33:56,1740699236.0,0,94,internal,0,2025-02-27 18:33:56.f - M0 [LC:94] Internal event,0,4,15.0,63.0,1.0
2025-02-27 18:33:56,1740699236.0,0,93,receive,0,2025-02-27 18:33:56.f - M0 [LC:93] Received message. Queue length: 0,0,4,15.0,59.0,4.0
2025-02-27 18:33:56,1740699236.0,2,79,receive,3,2025-02-27 18:33:56.f - M2 [LC:79] Received message. Queue length: 3,2,2,15.0,35.0,-3.0
2025-02-27 18:33:56,1740699236.0,2,72,receive,2,2025-02-27 18:33:56.f - M2 [LC:72] Received message. Queue length: 2,2,2,15.0,30.0,1.0
2025-02-27 18:33:56,1740699236.0,0,90,send_one,0,2025-02-27 18:33:56.f - M0 [LC:90] Sent message to VM 2,0,4,15.0,65.0,-3.0
2025-02-27 18:33:56,1740699236.0,1,89,internal,0,2025-02-27 18:33:56.f - M1 [LC:89] Internal event,1,6,15.0,84.0,5.0
2025-02-27 18:33:56,1740699236.0,1,90,internal,0,2025-02-27 18:33:56.f - M1 [LC:90] Internal event,1,6,15.0,89.0,1.0
2025-02-27 18:33:56,1740699236.0,1,91,internal,0,2025-02-27 18:33:56.f - M1 [LC:91] Internal event,1,6,15.0,90.0,1.0
2025-02-27 18:33:56,1740699236.0,0,89,internal,0,2025-02-27 18:33:56.f - M0 [LC:89] Internal event,0,4,15.0,60.0,1.0
2025-02-27 18:33:56,1740699236.0,1,92,send_all,0,2025-02-27 18:33:56.f - M1 [LC:92] Sent messages to all VMs,1,6,15.0,91.0,1.0
2025-02-27 18:33:56,1740699236.0,1,93,internal,0,2025-02-27 18:33:56.f - M1 [LC:93] Internal event,1,6,15.0,92.0,1.0
2025-02-27 18:33:56,1740699236.0,1,94,internal,0,2025-02-27 18:33:56.f - M1 [LC:94] Internal event,1,6,15.0,93.0,1.0
2025-02-27 18:33:57,1740699237.0,1,100,send_one,0,2025-02-27 18:33:57.f - M1 [LC:100] Sent message to VM 2,1,6,16.0,99.0,1.0
2025-02-27 18:33:57,1740699237.0,1,99,receive,0,2025-02-27 18:33:57.f - M1 [LC:99] Received message. Queue length: 0,1,6,16.0,96.0,3.0
2025-02-27 18:33:57,1740699237.0,1,98,internal,0,2025-02-27 18:33:57.f - M1 [LC:98] Internal event,1,6,16.0,100.0,-2.0
2025-02-27 18:33:57,1740699237.0,2,85,receive,3,2025-02-27 18:33:57.f - M2 [LC:85] Received message. Queue length: 3,2,2,16.0,31.0,2.0
2025-02-27 18:33:57,1740699237.0,2,91,receive,3,2025-02-27 18:33:57.f - M2 [LC:91] Received message. Queue length: 3,2,2,16.0,28.0,6.0
2025-02-27 18:33:57,1740699237.0,1,96,internal,0,2025-02-27 18:33:57.f - M1 [LC:96] Internal event,1,6,16.0,97.0,-1.0
2025-02-27 18:33:57,1740699237.0,1,97,internal,0,2025-02-27 18:33:57.f - M1 [LC:97] Internal event,1,6,16.0,95.0,2.0
2025-02-27 18:33:57,1740699237.0,0,95,internal,0,2025-02-27 18:33:57.f - M0 [LC:95] Internal event,0,4,16.0,64.0,1.0
2025-02-27 18:33:57,1740699237.0,0,98,internal,0,2025-02-27 18:33:57.f - M0 [LC:98] Internal event,0,4,16.0,71.0,-3.0
2025-02-27 18:33:57,1740699237.0,0,97,send_one,0,2025-02-27 18:33:57.f - M0 [LC:97] Sent message to VM 1,0,4,16.0,61.0,6.0
2025-02-27 18:33:57,1740699237.0,0,96,send_one,0,2025-02-27 18:33:57.f - M0 [LC:96] Sent message to VM 2,0,4,16.0,69.0,-3.0
2025-02-27 18:33:57,1740699237.0,1,95,send_one,0,2025-02-27 18:33:57.f - M1 [LC:95] Sent message to VM 2,1,6,16.0,94.0,1.0
2025-02-27 18:33:58,1740699238.0,1,106,internal,0,2025-02-27 18:33:58.f - M1 [LC:106] Internal event,1,6,17.0,98.0,8.0
2025-02-27 18:33:58,1740699238.0,1,105,internal,0,2025-02-27 18:33:58.f - M1 [LC:105] Internal event,1,6,17.0,106.0,-1.0
2025-02-27 18:33:58,1740699238.0,1,104,send_one,0,2025-02-27 18:33:58.f - M1 [LC:104] Sent message to VM 0,1,6,17.0,105.0,-1.0
2025-02-27 18:33:58,1740699238.0,1,103,internal,0,2025-02-27 18:33:58.f - M1 [LC:103] Internal event,1,6,17.0,104.0,-1.0
2025-02-27 18:33:58,1740699238.0,1,102,send_one,0,2025-02-27 18:33:58.f - M1 [LC:102] Sent message to VM 0,1,6,17.0,103.0,-1.0
2025-02-27 18:33:58,1740699238.0,0,106,internal,0,2025-02-27 18:33:58.f - M0 [LC:106] Internal event,0,4,17.0,75.0,-3.0
2025-02-27 18:33:58,1740699238.0,0,99,internal,0,2025-02-27 18:33:58.f - M0 [LC:99] Internal event,0,4,17.0,70.0,-1.0
2025-02-27 18:33:58,1740699238.0,2,93,receive,3,2025-02-27 18:33:58.f - M2 [LC:93] Received message. Queue length: 3,2,2,17.0,33.0,2.0
2025-02-27 18:33:58,1740699238.0,2,96,receive,2,2025-02-27 18:33:58.f - M2 [LC:96] Received message. Queue length: 2,2,2,17.0,38.0,-2.0
2025-02-27 18:33:58,1740699238.0,0,105,receive,0,2025-02-27 18:33:58.f - M0 [LC:105] Received message. Queue length: 0,0,4,17.0,67.0,4.0
2025-02-27 18:33:58,1740699238.0,1,101,internal,0,2025-02-27 18:33:58.f - M1 [LC:101] Internal event,1,6,17.0,102.0,-1.0
2025-02-27 18:33:58,1740699238.0,0,103,receive,0,2025-02-27 18:33:58.f - M0 [LC:103] Received message. Queue length: 0,0,4,17.0,68.0,2.0
2025-02-27 18:33:59,1740699239.0,1,110,internal,0,2025-02-27 18:33:59.f - M1 [LC:110] Internal event,1,6,18.0,111.0,-1.0
2025-02-27 18:33:59,1740699239.0,2,101,receive,1,2025-02-27 18:33:59.f - M2 [LC:101] Received message. Queue length: 1,2,2,18.0,37.0,1.0
2025-02-27 18:33:59,1740699239.0,0,113,receive,0,2025-02-27 18:33:59.f - M0 [LC:113] Received message. Queue length: 0,0,4,18.0,77.0,-1.0
2025-02-27 18:33:59,1740699239.0,0,109,internal,0,2025-02-27 18:33:59.f - M0 [LC:109] Internal event,0,4,18.0,76.0,-1.0
2025-02-27 18:33:59,1740699239.0,0,108,send_one,0,2025-02-27 18:33:59.f - M0 [LC:108] Sent message to VM 2,0,4,18.0,72.0,2.0
2025-02-27 18:33:59,1740699239.0,0,107,internal,0,2025-02-27 18:33:59.f - M0 [LC:107] Internal event,0,4,18.0,74.0,-1.0
2025-02-27 18:33:59,1740699239.0,1,111,internal,0,2025-02-27 18:33:59.f - M1 [LC:111] Internal event,1,6,18.0,107.0,4.0
2025-02-27 18:33:59,1740699239.0,1,107,internal,0,2025-02-27 18:33:59.f - M1 [LC:107] Internal event,1,6,18.0,108.0,-1.0
2025-02-27 18:33:59,1740699239.0,1,108,internal,0,2025-02-27 18:33:59.f - M1 [LC:108] Internal event,1,6,18.0,112.0,-4.0
2025-02-27 18:33:59,1740699239.0,1,109,internal,0,2025-02-27 18:33:59.f - M1 [LC:109] Internal event,1,6,18.0,101.0,8.0
2025-02-27 18:33:59,1740699239.0,2,97,receive,1,2025-02-27 18:33:59.f - M2 [LC:97] Received message. Queue length: 1,2,2,18.0,32.0,5.0
2025-02-27 18:33:59,1740699239.0,1,112,send_all,0,2025-02-27 18:33:59.f - M1 [LC:112] Sent messages to all VMs,1,6,18.0,109.0,3.0
2025-02-27 18:34:00,1740699240.0,1,118,send_one,0,2025-02-27 18:34:00.f - M1 [LC:118] Sent message to VM 0,1,6,19.0,110.0,8.0
2025-02-27 18:34:00,1740699240.0,1,114,send_all,0,2025-02-27 18:34:00.f - M1 [LC:114] Sent messages to all VMs,1,6,19.0,118.0,-4.0
2025-02-27 18:34:00,1740699240.0,1,115,internal,0,2025-02-27 18:34:00.f - M1 [LC:115] Internal event,1,6,19.0,114.0,1.0
2025-02-27 18:34:00,1740699240.0,1,116,internal,0,2025-02-27 18:34:00.f - M1 [LC:116] Internal event,1,6,19.0,115.0,1.0
2025-02-27 18:34:00,1740699240.0,1,117,send_one,0,2025-02-27 18:34:00.f - M1 [LC:117] Sent message to VM 2,1,6,19.0,116.0,1.0
2025-02-27 18:34:00,1740699240.0,1,113,internal,0,2025-02-27 18:34:00.f - M1 [LC:113] Internal event,1,6,19.0,117.0,-4.0
2025-02-27 18:34:00,1740699240.0,2,109,receive,2,2025-02-27 18:34:00.f - M2 [LC:109] Received message. Queue length: 2,2,2,19.0,40.0,-1.0
2025-02-27 18:34:00,1740699240.0,2,113,receive,3,2025-02-27 18:34:00.f - M2 [LC:113] Received message. Queue length: 3,2,2,19.0,36.0,4.0
2025-02-27 18:34:00,1740699240.0,0,119,receive,0,2025-02-27 18:34:00.f - M0 [LC:119] Received message. Queue length: 0,0,4,19.0,82.0,-2.0
2025-02-27 18:34:00,1740699240.0,0,116,send_one,0,2025-02-27 18:34:00.f - M0 [LC:116] Sent message to VM 2,0,4,19.0,80.0,-1.0
2025-02-27 18:34:00,1740699240.0,0,115,receive,0,2025-02-27 18:34:00.f - M0 [LC:115] Received message. Queue length: 0,0,4,19.0,81.0,-3.0
2025-02-27 18:34:00,1740699240.0,0,114,internal,0,2025-02-27 18:34:00.f - M0 [LC:114] Internal event,0,4,19.0,66.0,11.0
2025-02-27 18:34:01,1740699241.0,1,120,send_all,0,2025-02-27 18:34:01.f - M1 [LC:120] Sent messages to all VMs,1,6,20.0,121.0,-1.0
2025-02-27 18:34:01,1740699241.0,0,122,receive,1,2025-02-27 18:34:01.f - M0 [LC:122] Received message. Queue length: 1,0,4,20.0,85.0,-2.0
2025-02-27 18:34:01,1740699241.0,0,121,receive,1,2025-02-27 18:34:01.f - M0 [LC:121] Received message. Queue length: 1,0,4,20.0,78.0,4.0
2025-02-27 18:34:01,1740699241.0,0,120,internal,0,2025-02-27 18:34:01.f - M0 [LC:120] Internal event,0,4,20.0,73.0,8.0
2025-02-27 18:34:01,1740699241.0,1,121,send_all,0,2025-02-27 18:34:01.f - M1 [LC:121] Sent messages to all VMs,1,6,20.0,122.0,-1.0
2025-02-27 18:34:01,1740699241.0,1,122,send_one,0,2025-02-27 18:34:01.f - M1 [LC:122] Sent message to VM 0,1,6,20.0,119.0,3.0
2025-02-27 18:34:01,1740699241.0,1,119,internal,0,2025-02-27 18:34:01.f - M1 [LC:119] Internal event,1,6,20.0,123.0,-4.0
2025-02-27 18:34:01,1740699241.0,1,123,send_one,0,2025-02-27 18:34:01.f - M1 [LC:123] Sent message to VM 2,1,6,20.0,113.0,10.0
2025-02-27 18:34:01,1740699241.0,2,115,receive,3,2025-02-27 18:34:01.f - M2 [LC:115] Received message. Queue length: 3,2,2,20.0,45.0,-4.0
2025-02-27 18:34:01,1740699241.0,2,117,receive,4,2025-02-27 18:34:01.f - M2 [LC:117] Received message. Queue length: 4,2,2,20.0,41.0,1.0
2025-02-27 18:34:02,1740699242.0,1,125,internal,0,2025-02-27 18:34:02.f - M1 [LC:125] Internal event,1,6,21.0,120.0,5.0
2025-02-27 18:34:02,1740699242.0,0,126,internal,0,2025-02-27 18:34:02.f - M0 [LC:126] Internal event,0,4,21.0,86.0,1.0
2025-02-27 18:34:02,1740699242.0,0,125,internal,0,2025-02-27 18:34:02.f - M0 [LC:125] Internal event,0,4,21.0,79.0,7.0
2025-02-27 18:34:02,1740699242.0,0,124,internal,0,2025-02-27 18:34:02.f - M0 [LC:124] Internal event,0,4,21.0,87.0,-2.0
2025-02-27 18:34:02,1740699242.0,0,123,receive,0,2025-02-27 18:34:02.f - M0 [LC:123] Received message. Queue length: 0,0,4,21.0,88.0,-4.0
2025-02-27 18:34:02,1740699242.0,1,126,internal,0,2025-02-27 18:34:02.f - M1 [LC:126] Internal event,1,6,21.0,125.0,1.0
2025-02-27 18:34:02,1740699242.0,2,118,receive,3,2025-02-27 18:34:02.f - M2 [LC:118] Received message. Queue length: 3,2,2,21.0,42.0,1.0
2025-02-27 18:34:02,1740699242.0,1,129,internal,0,2025-02-27 18:34:02.f - M1 [LC:129] Internal event,1,6,21.0,126.0,3.0
2025-02-27 18:34:02,1740699242.0,1,128,internal,0,2025-02-27 18:34:02.f - M1 [LC:128] Internal event,1,6,21.0,129.0,-1.0
2025-02-27 18:34:02,1740699242.0,1,127,internal,0,2025-02-27 18:34:02.f - M1 [LC:127] Internal event,1,6,21.0,128.0,-1.0
2025-02-27 18:34:02,1740699242.0,1,124,internal,0,2025-02-27 18:34:02.f - M1 [LC:124] Internal event,1,6,21.0,127.0,-3.0
2025-02-27 18:34:02,1740699242.0,2,121,receive,2,2025-02-27 18:34:02.f - M2 [LC:121] Received message. Queue length: 2,2,2,21.0,43.0,1.0
2025-02-27 18:34:03,1740699243.0,1,132,send_all,0,2025-02-27 18:34:03.f - M1 [LC:132] Sent messages to all VMs,1,6,22.0,130.0,2.0
2025-02-27 18:34:03,1740699243.0,1,131,internal,0,2025-02-27 18:34:03.f - M1 [LC:131] Internal event,1,6,22.0,132.0,-1.0
2025-02-27 18:34:03,1740699243.0,1,130,internal,0,2025-02-27 18:34:03.f - M1 [LC:130] Internal event,1,6,22.0,134.0,-4.0
2025-02-27 18:34:03,1740699243.0,1,135,send_one,0,2025-02-27 18:34:03.f - M1 [LC:135] Sent message to VM 0,1,6,22.0,133.0,2.0
2025-02-27 18:34:03,1740699243.0,1,133,send_all,0,2025-02-27 18:34:03.f - M1 [LC:133] Sent messages to all VMs,1,6,22.0,124.0,9.0
2025-02-27 18:34:03,1740699243.0,0,134,receive,0,2025-02-27 18:34:03.f - M0 [LC:134] Received message. Queue length: 0,0,4,22.0,90.0,1.0
2025-02-27 18:34:03,1740699243.0,1,134,internal,0,2025-02-27 18:34:03.f - M1 [LC:134] Internal event,1,6,22.0,135.0,-1.0
2025-02-27 18:34:03,1740699243.0,2,122,receive,2,2025-02-27 18:34:03.f - M2 [LC:122] Received message. Queue length: 2,2,2,22.0,39.0,6.0
2025-02-27 18:34:03,1740699243.0,2,124,receive,2,2025-02-27 18:34:03.f - M2 [LC:124] Received message. Queue length: 2,2,2,22.0,44.0,2.0
2025-02-27 18:34:03,1740699243.0,0,127,internal,0,2025-02-27 18:34:03.f - M0 [LC:127] Internal event,0,4,22.0,83.0,5.0
2025-02-27 18:34:03,1740699243.0,0,128,internal,0,2025-02-27 18:34:03.f - M0 [LC:128] Internal event,0,4,22.0,84.0,5.0
2025-02-27 18:34:03,1740699243.0,0,133,receive,0,2025-02-27 18:34:03.f - M0 [LC:133] Received message. Queue length: 0,0,4,22.0,89.0,1.0
2025-02-27 18:34:04,1740699244.0,2,133,receive,4,2025-02-27 18:34:04.f - M2 [LC:133] Received message. Queue length: 4,2,2,23.0,46.0,1.0
2025-02-27 18:34:04,1740699244.0,2,134,receive,4,2025-02-27 18:34:04.f - M2 [LC:134] Received message. Queue length: 4,2,2,23.0,49.0,-1.0
2025-02-27 18:34:04,1740699244.0,1,136,send_one,0,2025-02-27 18:34:04.f - M1 [LC:136] Sent message to VM 2,1,6,23.0,131.0,5.0
2025-02-27 18:34:04,1740699244.0,1,138,send_one,0,2025-02-27 18:34:04.f - M1 [LC:138] Sent message to VM 0,1,6,23.0,136.0,2.0
2025-02-27 18:34:04,1740699244.0,1,139,internal,0,2025-02-27 18:34:04.f - M1 [LC:139] Internal event,1,6,23.0,138.0,1.0
2025-02-27 18:34:04,1740699244.0,1,140,send_all,0,2025-02-27 18:34:04.f - M1 [LC:140] Sent messages to all VMs,1,6,23.0,139.0,1.0
2025-02-27 18:34:04,1740699244.0,0,136,receive,0,2025-02-27 18:34:04.f - M0 [LC:136] Received message. Queue length: 0,0,4,23.0,91.0,1.0
2025-02-27 18:34:04,1740699244.0,1,137,send_one,0,2025-02-27 18:34:04.f - M1 [LC:137] Sent message to VM 2,1,6,23.0,140.0,-3.0
2025-02-27 18:34:04,1740699244.0,0,137,send_one,0,2025-02-27 18:34:04.f - M0 [LC:137] Sent message to VM 2,0,4,23.0,92.0,1.0
2025-02-27 18:34:04,1740699244.0,0,139,receive,0,2025-02-27 18:34:04.f - M0 [LC:139] Received message. Queue length: 0,0,4,23.0,93.0,1.0
2025-02-27 18:34:04,1740699244.0,0,141,receive,0,2025-02-27 18:34:04.f - M0 [LC:141] Received message. Queue length: 0,0,4,23.0,94.0,1.0
2025-02-27 18:34:04,1740699244.0,1,141,send_all,0,2025-02-27 18:34:04.f - M1 [LC:141] Sent messages to all VMs,1,6,23.0,137.0,4.0
2025-02-27 18:34:05,1740699245.0,0,142,receive,0,2025-02-27 18:34:05.f - M0 [LC:142] Received message. Queue length: 0,0,4,24.0,97.0,-1.0
2025-02-27 18:34:05,1740699245.0,2,137,receive,4,2025-02-27 18:34:05.f - M2 [LC:137] Received message. Queue length: 4,2,2,24.0,50.0,-1.0
2025-02-27 18:34:05,1740699245.0,2,138,receive,3,2025-02-27 18:34:05.f - M2 [LC:138] Received message. Queue length: 3,2,2,24.0,52.0,-2.0
2025-02-27 18:34:05,1740699245.0,1,142,internal,0,2025-02-27 18:34:05.f - M1 [LC:142] Internal event,1,6,24.0,143.0,-1.0
2025-02-27 18:34:05,1740699245.0,1,146,internal,0,2025-02-27 18:34:05.f - M1 [LC:146] Internal event,1,6,24.0,142.0,4.0
2025-02-27 18:34:05,1740699245.0,0,143,internal,0,2025-02-27 18:34:05.f - M0 [LC:143] Internal event,0,4,24.0,95.0,2.0
2025-02-27 18:34:05,1740699245.0,0,144,internal,0,2025-02-27 18:34:05.f - M0 [LC:144] Internal event,0,4,24.0,100.0,-2.0
2025-02-27 18:34:05,1740699245.0,0,145,send_one,0,2025-02-27 18:34:05.f - M0 [LC:145] Sent message to VM 1,0,4,24.0,96.0,3.0
2025-02-27 18:34:05,1740699245.0,1,145,internal,0,2025-02-27 18:34:05.f - M1 [LC:145] Internal event,1,6,24.0,147.0,-2.0
2025-02-27 18:34:05,1740699245.0,1,144,internal,0,2025-02-27 18:34:05.f - M1 [LC:144] Internal event,1,6,24.0,146.0,-2.0
2025-02-27 18:34:05,1740699245.0,1,143,internal,0,2025-02-27 18:34:05.f - M1 [LC:143] Internal event,1,6,24.0,145.0,-2.0
2025-02-27 18:34:05,1740699245.0,1,147,receive,0,2025-02-27 18:34:05.f - M1 [LC:147] Received message. Queue length: 0,1,6,24.0,141.0,6.0
2025-02-27 18:34:06,1740699246.0,1,148,receive,0,2025-02-27 18:34:06.f - M1 [LC:148] Received message. Queue length: 0,1,6,25.0,144.0,4.0
2025-02-27 18:34:06,1740699246.0,1,153,internal,0,2025-02-27 18:34:06.f - M1 [LC:153] Internal event,1,6,25.0,148.0,5.0
2025-02-27 18:34:06,1740699246.0,1,152,receive,0,2025-02-27 18:34:06.f - M1 [LC:152] Received message. Queue length: 0,1,6,25.0,153.0,-1.0
2025-02-27 18:34:06,1740699246.0,1,154,internal,0,2025-02-27 18:34:06.f - M1 [LC:154] Internal event,1,6,25.0,152.0,2.0
2025-02-27 18:34:06,1740699246.0,1,149,send_all,0,2025-02-27 18:34:06.f - M1 [LC:149] Sent messages to all VMs,1,6,25.0,154.0,-5.0
2025-02-27 18:34:06,1740699246.0,0,146,send_all,0,2025-02-27 18:34:06.f - M0 [LC:146] Sent messages to all VMs,0,4,25.0,99.0,1.0
2025-02-27 18:34:06,1740699246.0,2,139,receive,4,2025-02-27 18:34:06.f - M2 [LC:139] Received message. Queue length: 4,2,2,25.0,48.0,3.0
2025-02-27 18:34:06,1740699246.0,1,150,internal,0,2025-02-27 18:34:06.f - M1 [LC:150] Internal event,1,6,25.0,149.0,1.0
2025-02-27 18:34:06,1740699246.0,0,152,internal,0,2025-02-27 18:34:06.f - M0 [LC:152] Internal event,0,4,25.0,104.0,-1.0
2025-02-27 18:34:06,1740699246.0,0,151,send_all,0,2025-02-27 18:34:06.f - M0 [LC:151] Sent messages to all VMs,0,4,25.0,103.0,-1.0
2025-02-27 18:34:06,1740699246.0,0,150,receive,0,2025-02-27 18:34:06.f - M0 [LC:150] Received message. Queue length: 0,0,4,25.0,102.0,-1.0
2025-02-27 18:34:06,1740699246.0,2,141,receive,4,2025-02-27 18:34:06.f - M2 [LC:141] Received message. Queue length: 4,2,2,25.0,47.0,5.0
2025-02-27 18:34:07,1740699247.0,1,157,send_one,0,2025-02-27 18:34:07.f - M1 [LC:157] Sent message to VM 2,1,6,26.0,159.0,-2.0
2025-02-27 18:34:07,1740699247.0,1,158,receive,0,2025-02-27 18:34:07.f - M1 [LC:158] Received message. Queue length: 0,1,6,26.0,157.0,1.0
2025-02-27 18:34:07,1740699247.0,1,159,internal,0,2025-02-27 18:34:07.f - M1 [LC:159] Internal event,1,6,26.0,156.0,3.0
2025-02-27 18:34:07,1740699247.0,1,160,receive,0,2025-02-27 18:34:07.f - M1 [LC:160] Received message. Queue length: 0,1,6,26.0,150.0,10.0
2025-02-27 18:34:07,1740699247.0,2,147,receive,5,2025-02-27 18:34:07.f - M2 [LC:147] Received message. Queue length: 5,2,2,26.0,53.0,1.0
2025-02-27 18:34:07,1740699247.0,0,153,internal,0,2025-02-27 18:34:07.f - M0 [LC:153] Internal event,0,4,26.0,105.0,-1.0
2025-02-27 18:34:07,1740699247.0,1,156,internal,0,2025-02-27 18:34:07.f - M1 [LC:156] Internal event,1,6,26.0,155.0,1.0
2025-02-27 18:34:07,1740699247.0,0,154,internal,0,2025-02-27 18:34:07.f - M0 [LC:154] Internal event,0,4,26.0,106.0,-1.0
2025-02-27 18:34:07,1740699247.0,0,155,send_all,0,2025-02-27 18:34:07.f - M0 [LC:155] Sent messages to all VMs,0,4,26.0,98.0,8.0
2025-02-27 18:34:07,1740699247.0,0,156,send_all,0,2025-02-27 18:34:07.f - M0 [LC:156] Sent messages to all VMs,0,4,26.0,108.0,-1.0
2025-02-27 18:34:07,1740699247.0,2,142,receive,3,2025-02-27 18:34:07.f - M2 [LC:142] Received message. Queue length: 3,2,2,26.0,56.0,-3.0
2025-02-27 18:34:07,1740699247.0,1,155,internal,0,2025-02-27 18:34:07.f - M1 [LC:155] Internal event,1,6,26.0,160.0,-5.0
2025-02-27 18:34:08,1740699248.0,0,162,receive,0,2025-02-27 18:34:08.f - M0 [LC:162] Received message. Queue length: 0,0,4,27.0,101.0,8.0
2025-02-27 18:34:08,1740699248.0,2,152,receive,4,2025-02-27 18:34:08.f - M2 [LC:152] Received message. Queue length: 4,2,2,27.0,57.0,-1.0
2025-02-27 18:34:08,1740699248.0,0,157,internal,0,2025-02-27 18:34:08.f - M0 [LC:157] Internal event,0,4,27.0,112.0,-4.0
2025-02-27 18:34:08,1740699248.0,0,164,send_one,0,2025-02-27 18:34:08.f - M0 [LC:164] Sent message to VM 1,0,4,27.0,107.0,4.0
2025-02-27 18:34:08,1740699248.0,2,150,receive,5,2025-02-27 18:34:08.f - M2 [LC:150] Received message. Queue length: 5,2,2,27.0,54.0,1.0
2025-02-27 18:34:08,1740699248.0,0,163,internal,0,2025-02-27 18:34:08.f - M0 [LC:163] Internal event,0,4,27.0,111.0,-1.0
2025-02-27 18:34:08,1740699248.0,1,162,internal,0,2025-02-27 18:34:08.f - M1 [LC:162] Internal event,1,6,27.0,158.0,4.0
2025-02-27 18:34:08,1740699248.0,1,163,internal,0,2025-02-27 18:34:08.f - M1 [LC:163] Internal event,1,6,27.0,162.0,1.0
2025-02-27 18:34:08,1740699248.0,1,164,internal,0,2025-02-27 18:34:08.f - M1 [LC:164] Internal event,1,6,27.0,163.0,1.0
2025-02-27 18:34:08,1740699248.0,1,165,internal,0,2025-02-27 18:34:08.f - M1 [LC:165] Internal event,1,6,27.0,164.0,1.0
2025-02-27 18:34:08,1740699248.0,1,166,receive,0,2025-02-27 18:34:08.f - M1 [LC:166] Received message. Queue length: 0,1,6,27.0,165.0,1.0
2025-02-27 18:34:08,1740699248.0,1,161,send_all,0,2025-02-27 18:34:08.f - M1 [LC:161] Sent messages to all VMs,1,6,27.0,166.0,-5.0
2025-02-27 18:34:09,1740699249.0,0,166,send_one,0,2025-02-27 18:34:09.f - M0 [LC:166] Sent message to VM 1,0,4,28.0,117.0,-4.0
2025-02-27 18:34:09,1740699249.0,0,167,internal,0,2025-02-27 18:34:09.f - M0 [LC:167] Internal event,0,4,28.0,118.0,-4.0
2025-02-27 18:34:09,1740699249.0,0,168,internal,0,2025-02-27 18:34:09.f - M0 [LC:168] Internal event,0,4,28.0,114.0,1.0
2025-02-27 18:34:09,1740699249.0,2,158,receive,4,2025-02-27 18:34:09.f - M2 [LC:158] Received message. Queue length: 4,2,2,28.0,51.0,6.0
2025-02-27 18:34:09,1740699249.0,2,159,receive,4,2025-02-27 18:34:09.f - M2 [LC:159] Received message. Queue length: 4,2,2,28.0,55.0,4.0
2025-02-27 18:34:09,1740699249.0,0,165,internal,0,2025-02-27 18:34:09.f - M0 [LC:165] Internal event,0,4,28.0,109.0,3.0
2025-02-27 18:34:09,1740699249.0,1,167,internal,0,2025-02-27 18:34:09.f - M1 [LC:167] Internal event,1,6,28.0,169.0,-2.0
2025-02-27 18:34:09,1740699249.0,1,168,send_one,0,2025-02-27 18:34:09.f - M1 [LC:168] Sent message to VM 2,1,6,28.0,167.0,1.0
2025-02-27 18:34:09,1740699249.0,1,169,receive,0,2025-02-27 18:34:09.f - M1 [LC:169] Received message. Queue length: 0,1,6,28.0,171.0,-2.0
2025-02-27 18:34:09,1740699249.0,1,171,internal,0,2025-02-27 18:34:09.f - M1 [LC:171] Internal event,1,6,28.0,170.0,1.0
2025-02-27 18:34:09,1740699249.0,1,170,send_one,0,2025-02-27 18:34:09.f - M1 [LC:170] Sent message to VM 2,1,6,28.0,161.0,9.0
2025-02-27 18:34:10,1740699250.0,1,174,internal,0,2025-02-27 18:34:10.f - M1 [LC:174] Internal event,1,6,29.0,168.0,6.0
2025-02-27 18:34:10,1740699250.0,0,169,internal,0,2025-02-27 18:34:10.f - M0 [LC:169] Internal event,0,4,29.0,115.0,1.0
2025-02-27 18:34:10,1740699250.0,0,170,internal,0,2025-02-27 18:34:10.f - M0 [LC:170] Internal event,0,4,29.0,116.0,1.0
2025-02-27 18:34:10,1740699250.0,0,171,internal,0,2025-02-27 18:34:10.f - M0 [LC:171] Internal event,0,4,29.0,110.0,8.0
2025-02-27 18:34:10,1740699250.0,0,178,receive,0,2025-02-27 18:34:10.f - M0 [LC:178] Received message. Queue length: 0,0,4,29.0,123.0,-4.0
2025-02-27 18:34:10,1740699250.0,1,172,internal,0,2025-02-27 18:34:10.f - M1 [LC:172] Internal event,1,6,29.0,174.0,-2.0
2025-02-27 18:34:10,1740699250.0,2,162,receive,3,2025-02-27 18:34:10.f - M2 [LC:162] Received message. Queue length: 3,2,2,29.0,60.0,1.0
2025-02-27 18:34:10,1740699250.0,2,160,receive,3,2025-02-27 18:34:10.f - M2 [LC:160] Received message. Queue length: 3,2,2,29.0,62.0,-2.0
2025-02-27 18:34:10,1740699250.0,1,177,send_all,0,2025-02-27 18:34:10.f - M1 [LC:177] Sent messages to all VMs,1,6,29.0,172.0,5.0
2025-02-27 18:34:10,1740699250.0,1,176,internal,0,2025-02-27 18:34:10.f - M1 [LC:176] Internal event,1,6,29.0,177.0,-1.0
2025-02-27 18:34:10,1740699250.0,1,175,internal,0,2025-02-27 18:34:10.f - M1 [LC:175] Internal event,1,6,29.0,176.0,-1.0
2025-02-27 18:34:10,1740699250.0,1,173,internal,0,2025-02-27 18:34:10.f - M1 [LC:173] Internal event,1,6,29.0,175.0,-2.0
2025-02-27 18:34:11,1740699251.0,0,180,receive,1,2025-02-27 18:34:11.f - M0 [LC:180] Received message. Queue length: 1,0,4,30.0,122.0,-1.0
2025-02-27 18:34:11,1740699251.0,0,179,send_one,0,2025-02-27 18:34:11.f - M0 [LC:179] Sent message to VM 2,0,4,30.0,121.0,-1.0
2025-02-27 18:34:11,1740699251.0,0,184,receive,0,2025-02-27 18:34:11.f - M0 [LC:184] Received message. Queue length: 0,0,4,30.0,113.0,10.0
2025-02-27 18:34:11,1740699251.0,2,169,receive,4,2025-02-27 18:34:11.f - M2 [LC:169] Received message. Queue length: 4,2,2,30.0,65.0,-3.0
2025-02-27 18:34:11,1740699251.0,0,181,receive,0,2025-02-27 18:34:11.f - M0 [LC:181] Received message. Queue length: 0,0,4,30.0,119.0,3.0
2025-02-27 18:34:11,1740699251.0,2,171,receive,4,2025-02-27 18:34:11.f - M2 [LC:171] Received message. Queue length: 4,2,2,30.0,59.0,4.0
2025-02-27 18:34:11,1740699251.0,1,178,internal,0,2025-02-27 18:34:11.f - M1 [LC:178] Internal event,1,6,30.0,180.0,-2.0
2025-02-27 18:34:11,1740699251.0,1,179,send_all,0,2025-02-27 18:34:11.f - M1 [LC:179] Sent messages to all VMs,1,6,30.0,181.0,-2.0
2025-02-27 18:34:11,1740699251.0,1,180,send_one,0,2025-02-27 18:34:11.f - M1 [LC:180] Sent message to VM 0,1,6,30.0,179.0,1.0
2025-02-27 18:34:11,1740699251.0,1,181,internal,0,2025-02-27 18:34:11.f - M1 [LC:181] Internal event,1,6,30.0,183.0,-2.0
2025-02-27 18:34:11,1740699251.0,1,182,internal,0,2025-02-27 18:34:11.f - M1 [LC:182] Internal event,1,6,30.0,173.0,9.0
2025-02-27 18:34:11,1740699251.0,1,183,send_all,0,2025-02-27 18:34:11.f - M1 [LC:183] Sent messages to all VMs,1,6,30.0,182.0,1.0
2025-02-27 18:34:12,1740699252.0,2,180,receive,5,2025-02-27 18:34:12.f - M2 [LC:180] Received message. Queue length: 5,2,2,31.0,64.0,1.0
2025-02-27 18:34:12,1740699252.0,0,188,receive,0,2025-02-27 18:34:12.f - M0 [LC:188] Received message. Queue length: 0,0,4,31.0,128.0,-1.0
2025-02-27 18:34:12,1740699252.0,0,187,receive,1,2025-02-27 18:34:12.f - M0 [LC:187] Received message. Queue length: 1,0,4,31.0,125.0,1.0
2025-02-27 18:34:12,1740699252.0,0,186,receive,1,2025-02-27 18:34:12.f - M0 [LC:186] Received message. Queue length: 1,0,4,31.0,120.0,5.0
2025-02-27 18:34:12,1740699252.0,0,185,send_one,0,2025-02-27 18:34:12.f - M0 [LC:185] Sent message to VM 2,0,4,31.0,127.0,-3.0
2025-02-27 18:34:12,1740699252.0,1,184,internal,0,2025-02-27 18:34:12.f - M1 [LC:184] Internal event,1,6,31.0,178.0,6.0
2025-02-27 18:34:12,1740699252.0,1,185,send_one,0,2025-02-27 18:34:12.f - M1 [LC:185] Sent message to VM 0,1,6,31.0,184.0,1.0
2025-02-27 18:34:12,1740699252.0,1,186,send_all,0,2025-02-27 18:34:12.f - M1 [LC:186] Sent messages to all VMs,1,6,31.0,185.0,1.0
2025-02-27 18:34:12,1740699252.0,1,187,send_all,0,2025-02-27 18:34:12.f - M1 [LC:187] Sent messages to all VMs,1,6,31.0,186.0,1.0
2025-02-27 18:34:12,1740699252.0,1,188,internal,0,2025-02-27 18:34:12.f - M1 [LC:188] Internal event,1,6,31.0,187.0,1.0
2025-02-27 18:34:12,1740699252.0,1,189,internal,0,2025-02-27 18:34:12.f - M1 [LC:189] Internal event,1,6,31.0,188.0,1.0
2025-02-27 18:34:12,1740699252.0,2,178,receive,5,2025-02-27 18:34:12.f - M2 [LC:178] Received message. Queue length: 5,2,2,31.0,63.0,1.0
2025-02-27 18:34:13,1740699253.0,2,184,receive,4,2025-02-27 18:34:13.f - M2 [LC:184] Received message. Queue length: 4,2,2,32.0,61.0,6.0
2025-02-27 18:34:13,1740699253.0,2,181,receive,5,2025-02-27 18:34:13.f - M2 [LC:181] Received message. Queue length: 5,2,2,32.0,69.0,-3.0
2025-02-27 18:34:13,1740699253.0,0,194,send_one,0,2025-02-27 18:34:13.f - M0 [LC:194] Sent message to VM 1,0,4,32.0,132.0,-1.0
2025-02-27 18:34:13,1740699253.0,0,193,send_one,0,2025-02-27 18:34:13.f - M0 [LC:193] Sent message to VM 1,0,4,32.0,134.0,-4.0
2025-02-27 18:34:13,1740699253.0,0,191,receive,0,2025-02-27 18:34:13.f - M0 [LC:191] Received message. Queue length: 0,0,4,32.0,129.0,-1.0
2025-02-27 18:34:13,1740699253.0,1,195,internal,0,2025-02-27 18:34:13.f - M1 [LC:195] Internal event,1,6,32.0,194.0,1.0
2025-02-27 18:34:13,1740699253.0,1,194,receive,0,2025-02-27 18:34:13.f - M1 [LC:194] Received message. Queue length: 0,1,6,32.0,192.0,2.0
2025-02-27 18:34:13,1740699253.0,1,193,internal,0,2025-02-27 18:34:13.f - M1 [LC:193] Internal event,1,6,32.0,195.0,-2.0
2025-02-27 18:34:13,1740699253.0,1,192,internal,0,2025-02-27 18:34:13.f - M1 [LC:192] Internal event,1,6,32.0,191.0,1.0
2025-02-27 18:34:13,1740699253.0,1,191,send_one,0,2025-02-27 18:34:13.f - M1 [LC:191] Sent message to VM 0,1,6,32.0,190.0,1.0
2025-02-27 18:34:13,1740699253.0,1,190,send_all,0,2025-02-27 18:34:13.f - M1 [LC:190] Sent messages to all VMs,1,6,32.0,189.0,1.0
2025-02-27 18:34:13,1740699253.0,0,192,receive,0,2025-02-27 18:34:13.f - M0 [LC:192] Received message. Queue length: 0,0,4,32.0,126.0,3.0
2025-02-27 18:34:14,1740699254.0,2,186,receive,3,2025-02-27 18:34:14.f - M2 [LC:186] Received message. Queue length: 3,2,2,33.0,71.0,-3.0
2025-02-27 18:34:14,1740699254.0,2,187,receive,2,2025-02-27 18:34:14.f - M2 [LC:187] Received message. Queue length: 2,2,2,33.0,70.0,-1.0
2025-02-27 18:34:14,1740699254.0,0,198,send_one,0,2025-02-27 18:34:14.f - M0 [LC:198] Sent message to VM 1,0,4,33.0,133.0,2.0
2025-02-27 18:34:14,1740699254.0,1,199,internal,0,2025-02-27 18:34:14.f - M1 [LC:199] Internal event,1,6,33.0,193.0,6.0
2025-02-27 18:34:14,1740699254.0,1,198,internal,0,2025-02-27 18:34:14.f - M1 [LC:198] Internal event,1,6,33.0,199.0,-1.0
2025-02-27 18:34:14,1740699254.0,1,197,receive,0,2025-02-27 18:34:14.f - M1 [LC:197] Received message. Queue length: 0,1,6,33.0,198.0,-1.0
2025-02-27 18:34:14,1740699254.0,1,196,receive,0,2025-02-27 18:34:14.f - M1 [LC:196] Received message. Queue length: 0,1,6,33.0,197.0,-1.0
2025-02-27 18:34:14,1740699254.0,0,195,send_one,0,2025-02-27 18:34:14.f - M0 [LC:195] Sent message to VM 1,0,4,33.0,130.0,2.0
2025-02-27 18:34:14,1740699254.0,0,196,internal,0,2025-02-27 18:34:14.f - M0 [LC:196] Internal event,0,4,33.0,124.0,9.0
2025-02-27 18:34:14,1740699254.0,0,197,internal,0,2025-02-27 18:34:14.f - M0 [LC:197] Internal event,0,4,33.0,135.0,-1.0
2025-02-27 18:34:14,1740699254.0,1,200,internal,0,2025-02-27 18:34:14.f - M1 [LC:200] Internal event,1,6,33.0,196.0,4.0
2025-02-27 18:34:14,1740699254.0,1,201,receive,0,2025-02-27 18:34:14.f - M1 [LC:201] Received message. Queue length: 0,1,6,33.0,200.0,1.0
2025-02-27 18:34:15,1740699255.0,2,188,receive,1,2025-02-27 18:34:15.f - M2 [LC:188] Received message. Queue length: 1,2,2,34.0,68.0,2.0
2025-02-27 18:34:15,1740699255.0,2,191,receive,2,2025-02-27 18:34:15.f - M2 [LC:191] Received message. Queue length: 2,2,2,34.0,67.0,4.0
2025-02-27 18:34:15,1740699255.0,1,207,send_one,0,2025-02-27 18:34:15.f - M1 [LC:207] Sent message to VM 2,1,6,34.0,205.0,2.0
2025-02-27 18:34:15,1740699255.0,0,206,internal,0,2025-02-27 18:34:15.f - M0 [LC:206] Internal event,0,4,34.0,138.0,1.0
2025-02-27 18:34:15,1740699255.0,0,205,send_all,0,2025-02-27 18:34:15.f - M0 [LC:205] Sent messages to all VMs,0,4,34.0,136.0,2.0
2025-02-27 18:34:15,1740699255.0,0,203,receive,0,2025-02-27 18:34:15.f - M0 [LC:203] Received message. Queue length: 0,0,4,34.0,131.0,5.0
2025-02-27 18:34:15,1740699255.0,1,206,receive,0,2025-02-27 18:34:15.f - M1 [LC:206] Received message. Queue length: 0,1,6,34.0,207.0,-1.0
2025-02-27 18:34:15,1740699255.0,1,205,internal,0,2025-02-27 18:34:15.f - M1 [LC:205] Internal event,1,6,34.0,203.0,2.0
2025-02-27 18:34:15,1740699255.0,1,204,internal,0,2025-02-27 18:34:15.f - M1 [LC:204] Internal event,1,6,34.0,201.0,3.0
2025-02-27 18:34:15,1740699255.0,1,203,internal,0,2025-02-27 18:34:15.f - M1 [LC:203] Internal event,1,6,34.0,202.0,1.0
2025-02-27 18:34:15,1740699255.0,1,202,send_one,0,2025-02-27 18:34:15.f - M1 [LC:202] Sent message to VM 0,1,6,34.0,204.0,-2.0
2025-02-27 18:34:15,1740699255.0,0,204,internal,0,2025-02-27 18:34:15.f - M0 [LC:204] Internal event,0,4,34.0,140.0,-3.0
2025-02-27 18:34:16,1740699256.0,2,206,receive,2,2025-02-27 18:34:16.f - M2 [LC:206] Received message. Queue length: 2,2,2,35.0,75.0,-3.0
2025-02-27 18:34:16,1740699256.0,2,208,receive,2,2025-02-27 18:34:16.f - M2 [LC:208] Received message. Queue length: 2,2,2,35.0,74.0,-1.0
2025-02-27 18:34:16,1740699256.0,1,208,internal,0,2025-02-27 18:34:16.f - M1 [LC:208] Internal event,1,6,35.0,206.0,2.0
2025-02-27 18:34:16,1740699256.0,1,209,internal,0,2025-02-27 18:34:16.f - M1 [LC:209] Internal event,1,6,35.0,208.0,1.0
2025-02-27 18:34:16,1740699256.0,0,213,internal,0,2025-02-27 18:34:16.f - M0 [LC:213] Internal event,0,4,35.0,145.0,-2.0
2025-02-27 18:34:16,1740699256.0,0,212,receive,0,2025-02-27 18:34:16.f - M0 [LC:212] Received message. Queue length: 0,0,4,35.0,143.0,-1.0
2025-02-27 18:34:16,1740699256.0,0,208,send_all,0,2025-02-27 18:34:16.f - M0 [LC:208] Sent messages to all VMs,0,4,35.0,137.0,4.0
2025-02-27 18:34:16,1740699256.0,0,207,internal,0,2025-02-27 18:34:16.f - M0 [LC:207] Internal event,0,4,35.0,139.0,1.0
2025-02-27 18:34:16,1740699256.0,1,212,internal,0,2025-02-27 18:34:16.f - M1 [LC:212] Internal event,1,6,35.0,209.0,3.0
2025-02-27 18:34:16,1740699256.0,1,210,receive,0,2025-02-27 18:34:16.f - M1 [LC:210] Received message. Queue length: 0,1,6,35.0,212.0,-2.0
2025-02-27 18:34:16,1740699256.0,1,211,send_all,0,2025-02-27 18:34:16.f - M1 [LC:211] Sent messages to all VMs,1,6,35.0,210.0,1.0
2025-02-27 18:34:17,1740699257.0,1,216,internal,0,2025-02-27 18:34:17.f - M1 [LC:216] Internal event,1,6,36.0,211.0,5.0
2025-02-27 18:34:17,1740699257.0,1,215,receive,0,2025-02-27 18:34:17.f - M1 [LC:215] Received message. Queue length: 0,1,6,36.0,216.0,-1.0
2025-02-27 18:34:17,1740699257.0,1,213,internal,0,2025-02-27 18:34:17.f - M1 [LC:213] Internal event,1,6,36.0,215.0,-2.0
2025-02-27 18:34:17,1740699257.0,1,218,internal,0,2025-02-27 18:34:17.f - M1 [LC:218] Internal event,1,6,36.0,213.0,5.0
2025-02-27 18:34:17,1740699257.0,0,214,send_one,0,2025-02-27 18:34:17.f - M0 [LC:214] Sent message to VM 1,0,4,36.0,146.0,-2.0
2025-02-27 18:34:17,1740699257.0,0,215,internal,0,2025-02-27 18:34:17.f - M0 [LC:215] Internal event,0,4,36.0,147.0,-2.0
2025-02-27 18:34:17,1740699257.0,0,218,receive,0,2025-02-27 18:34:17.f - M0 [LC:218] Received message. Queue length: 0,0,4,36.0,142.0,4.0
2025-02-27 18:34:17,1740699257.0,1,217,send_one,0,2025-02-27 18:34:17.f - M1 [LC:217] Sent message to VM 0,1,6,36.0,218.0,-1.0
2025-02-27 18:34:17,1740699257.0,2,209,receive,1,2025-02-27 18:34:17.f - M2 [LC:209] Received message. Queue length: 1,2,2,36.0,72.0,2.0
2025-02-27 18:34:17,1740699257.0,1,214,internal,0,2025-02-27 18:34:17.f - M1 [LC:214] Internal event,1,6,36.0,217.0,-3.0
2025-02-27 18:34:18,1740699258.0,2,213,internal,0,2025-02-27 18:34:18.f - M2 [LC:213] Internal event,2,2,37.0,77.0,-1.0
2025-02-27 18:34:18,1740699258.0,2,212,receive,0,2025-02-27 18:34:18.f - M2 [LC:212] Received message. Queue length: 0,2,2,37.0,76.0,-1.0
2025-02-27 18:34:18,1740699258.0,1,224,internal,0,2025-02-27 18:34:18.f - M1 [LC:224] Internal event,1,6,37.0,223.0,1.0
2025-02-27 18:34:18,1740699258.0,1,223,send_one,0,2025-02-27 18:34:18.f - M1 [LC:223] Sent message to VM 0,1,6,37.0,220.0,3.0
2025-02-27 18:34:18,1740699258.0,1,222,internal,0,2025-02-27 18:34:18.f - M1 [LC:222] Internal event,1,6,37.0,224.0,-2.0
2025-02-27 18:34:18,1740699258.0,1,221,internal,0,2025-02-27 18:34:18.f - M1 [LC:221] Internal event,1,6,37.0,219.0,2.0
2025-02-27 18:34:18,1740699258.0,1,220,internal,0,2025-02-27 18:34:18.f - M1 [LC:220] Internal event,1,6,37.0,221.0,-1.0
2025-02-27 18:34:18,1740699258.0,1,219,internal,0,2025-02-27 18:34:18.f - M1 [LC:219] Internal event,1,6,37.0,214.0,5.0
2025-02-27 18:34:18,1740699258.0,0,219,internal,0,2025-02-27 18:34:18.f - M0 [LC:219] Internal event,0,4,37.0,141.0,6.0
2025-02-27 18:34:18,1740699258.0,0,220,internal,0,2025-02-27 18:34:18.f - M0 [LC:220] Internal event,0,4,37.0,144.0,4.0
2025-02-27 18:34:18,1740699258.0,0,224,receive,0,2025-02-27 18:34:18.f - M0 [LC:224] Received message. Queue length: 0,0,4,37.0,149.0,1.0
2025-02-27 18:34:18,1740699258.0,0,221,internal,0,2025-02-27 18:34:18.f - M0 [LC:221] Internal event,0,4,37.0,154.0,-5.0
2025-02-27 18:34:19,1740699259.0,2,214,internal,0,2025-02-27 18:34:19.f - M2 [LC:214] Internal event,2,2,38.0,66.0,11.0
2025-02-27 18:34:19,1740699259.0,1,228,send_one,0,2025-02-27 18:34:19.f - M1 [LC:228] Sent message to VM 2,1,6,38.0,230.0,-2.0
2025-02-27 18:34:19,1740699259.0,1,227,internal,0,2025-02-27 18:34:19.f - M1 [LC:227] Internal event,1,6,38.0,228.0,-1.0
2025-02-27 18:34:19,1740699259.0,0,228,internal,0,2025-02-27 18:34:19.f - M0 [LC:228] Internal event,0,4,38.0,152.0,2.0
2025-02-27 18:34:19,1740699259.0,0,227,receive,0,2025-02-27 18:34:19.f - M0 [LC:227] Received message. Queue length: 0,0,4,38.0,148.0,5.0
2025-02-27 18:34:19,1740699259.0,1,229,send_one,0,2025-02-27 18:34:19.f - M1 [LC:229] Sent message to VM 0,1,6,38.0,227.0,2.0
2025-02-27 18:34:19,1740699259.0,0,230,receive,0,2025-02-27 18:34:19.f - M0 [LC:230] Received message. Queue length: 0,0,4,38.0,160.0,-5.0
2025-02-27 18:34:19,1740699259.0,0,225,internal,0,2025-02-27 18:34:19.f - M0 [LC:225] Internal event,0,4,38.0,153.0,-1.0
2025-02-27 18:34:19,1740699259.0,1,230,internal,0,2025-02-27 18:34:19.f - M1 [LC:230] Internal event,1,6,38.0,226.0,4.0
2025-02-27 18:34:19,1740699259.0,1,226,send_all,0,2025-02-27 18:34:19.f - M1 [LC:226] Sent messages to all VMs,1,6,38.0,225.0,1.0
2025-02-27 18:34:19,1740699259.0,2,227,receive,0,2025-02-27 18:34:19.f - M2 [LC:227] Received message. Queue length: 0,2,2,38.0,81.0,-3.0
2025-02-27 18:34:19,1740699259.0,1,225,internal,0,2025-02-27 18:34:19.f - M1 [LC:225] Internal event,1,6,38.0,222.0,3.0
2025-02-27 18:34:20,1740699260.0,1,232,send_one,0,2025-02-27 18:34:20.f - M1 [LC:232] Sent message to VM 2,1,6,39.0,229.0,3.0
2025-02-27 18:34:20,1740699260.0,0,235,receive,1,2025-02-27 18:34:20.f - M0 [LC:235] Received message. Queue length: 1,0,4,39.0,156.0,3.0
2025-02-27 18:34:20,1740699260.0,0,233,internal,0,2025-02-27 18:34:20.f - M0 [LC:233] Internal event,0,4,39.0,157.0,1.0
2025-02-27 18:34:20,1740699260.0,0,232,receive,0,2025-02-27 18:34:20.f - M0 [LC:232] Received message. Queue length: 0,0,4,39.0,159.0,-2.0
2025-02-27 18:34:20,1740699260.0,0,231,send_one,0,2025-02-27 18:34:20.f - M0 [LC:231] Sent message to VM 2,0,4,39.0,155.0,1.0
2025-02-27 18:34:20,1740699260.0,2,229,receive,0,2025-02-27 18:34:20.f - M2 [LC:229] Received message. Queue length: 0,2,2,39.0,80.0,-1.0
2025-02-27 18:34:20,1740699260.0,2,232,receive,2,2025-02-27 18:34:20.f - M2 [LC:232] Received message. Queue length: 2,2,2,39.0,82.0,-2.0
2025-02-27 18:34:20,1740699260.0,1,233,internal,0,2025-02-27 18:34:20.f - M1 [LC:233] Internal event,1,6,39.0,232.0,1.0
2025-02-27 18:34:20,1740699260.0,1,236,send_all,0,2025-02-27 18:34:20.f - M1 [LC:236] Sent messages to all VMs,1,6,39.0,233.0,3.0
2025-02-27 18:34:20,1740699260.0,1,235,send_one,0,2025-02-27 18:34:20.f - M1 [LC:235] Sent message to VM 0,1,6,39.0,236.0,-1.0
2025-02-27 18:34:20,1740699260.0,1,234,send_all,0,2025-02-27 18:34:20.f - M1 [LC:234] Sent messages to all VMs,1,6,39.0,235.0,-1.0
2025-02-27 18:34:20,1740699260.0,1,231,send_all,0,2025-02-27 18:34:20.f - M1 [LC:231] Sent messages to all VMs,1,6,39.0,234.0,-3.0
2025-02-27 18:34:21,1740699261.0,1,239,send_one,0,2025-02-27 18:34:21.f - M1 [LC:239] Sent message to VM 2,1,6,40.0,231.0,8.0
2025-02-27 18:34:21,1740699261.0,1,238,internal,0,2025-02-27 18:34:21.f - M1 [LC:238] Internal event,1,6,40.0,239.0,-1.0
2025-02-27 18:34:21,1740699261.0,1,237,internal,0,2025-02-27 18:34:21.f - M1 [LC:237] Internal event,1,6,40.0,238.0,-1.0
2025-02-27 18:34:21,1740699261.0,1,240,receive,0,2025-02-27 18:34:21.f - M1 [LC:240] Received message. Queue length: 0,1,6,40.0,237.0,3.0
2025-02-27 18:34:21,1740699261.0,1,242,receive,0,2025-02-27 18:34:21.f - M1 [LC:242] Received message. Queue length: 0,1,6,40.0,240.0,2.0
2025-02-27 18:34:21,1740699261.0,2,233,receive,3,2025-02-27 18:34:21.f - M2 [LC:233] Received message. Queue length: 3,2,2,40.0,73.0,8.0
2025-02-27 18:34:21,1740699261.0,0,239,send_all,0,2025-02-27 18:34:21.f - M0 [LC:239] Sent messages to all VMs,0,4,40.0,162.0,1.0
2025-02-27 18:34:21,1740699261.0,0,238,send_one,0,2025-02-27 18:34:21.f - M0 [LC:238] Sent message to VM 1,0,4,40.0,158.0,4.0
2025-02-27 18:34:21,1740699261.0,0,237,receive,0,2025-02-27 18:34:21.f - M0 [LC:237] Received message. Queue length: 0,0,4,40.0,166.0,-5.0
2025-02-27 18:34:21,1740699261.0,0,236,receive,1,2025-02-27 18:34:21.f - M0 [LC:236] Received message. Queue length: 1,0,4,40.0,150.0,10.0
2025-02-27 18:34:21,1740699261.0,2,234,receive,3,2025-02-27 18:34:21.f - M2 [LC:234] Received message. Queue length: 3,2,2,40.0,78.0,4.0
2025-02-27 18:34:21,1740699261.0,1,241,internal,0,2025-02-27 18:34:21.f - M1 [LC:241] Internal event,1,6,40.0,242.0,-1.0
2025-02-27 18:34:22,1740699262.0,0,241,internal,0,2025-02-27 18:34:22.f - M0 [LC:241] Internal event,0,4,41.0,164.0,1.0
2025-02-27 18:34:22,1740699262.0,0,240,send_all,0,2025-02-27 18:34:22.f - M0 [LC:240] Sent messages to all VMs,0,4,41.0,163.0,1.0
2025-02-27 18:34:22,1740699262.0,2,237,receive,4,2025-02-27 18:34:22.f - M2 [LC:237] Received message. Queue length: 4,2,2,41.0,88.0,-4.0
2025-02-27 18:34:22,1740699262.0,2,235,receive,3,2025-02-27 18:34:22.f - M2 [LC:235] Received message. Queue length: 3,2,2,41.0,85.0,-2.0
2025-02-27 18:34:22,1740699262.0,0,242,internal,0,2025-02-27 18:34:22.f - M0 [LC:242] Internal event,0,4,41.0,165.0,1.0
2025-02-27 18:34:22,1740699262.0,1,244,send_one,0,2025-02-27 18:34:22.f - M1 [LC:244] Sent message to VM 2,1,6,41.0,245.0,-1.0
2025-02-27 18:34:22,1740699262.0,0,243,internal,0,2025-02-27 18:34:22.f - M0 [LC:243] Internal event,0,4,41.0,169.0,-2.0
2025-02-27 18:34:22,1740699262.0,1,245,internal,0,2025-02-27 18:34:22.f - M1 [LC:245] Internal event,1,6,41.0,247.0,-2.0
2025-02-27 18:34:22,1740699262.0,1,246,internal,0,2025-02-27 18:34:22.f - M1 [LC:246] Internal event,1,6,41.0,244.0,2.0
2025-02-27 18:34:22,1740699262.0,1,243,receive,0,2025-02-27 18:34:22.f - M1 [LC:243] Received message. Queue length: 0,1,6,41.0,248.0,-5.0
2025-02-27 18:34:22,1740699262.0,1,247,send_one,0,2025-02-27 18:34:22.f - M1 [LC:247] Sent message to VM 2,1,6,41.0,243.0,4.0
2025-02-27 18:34:22,1740699262.0,1,248,internal,0,2025-02-27 18:34:22.f - M1 [LC:248] Internal event,1,6,41.0,241.0,7.0
2025-02-27 18:34:23,1740699263.0,1,249,send_one,0,2025-02-27 18:34:23.f - M1 [LC:249] Sent message to VM 2,1,6,42.0,246.0,3.0
2025-02-27 18:34:23,1740699263.0,1,250,internal,0,2025-02-27 18:34:23.f - M1 [LC:250] Internal event,1,6,42.0,249.0,1.0
2025-02-27 18:34:23,1740699263.0,0,244,internal,0,2025-02-27 18:34:23.f - M0 [LC:244] Internal event,0,4,42.0,167.0,1.0
2025-02-27 18:34:23,1740699263.0,0,245,send_one,0,2025-02-27 18:34:23.f - M0 [LC:245] Sent message to VM 1,0,4,42.0,171.0,-2.0
2025-02-27 18:34:23,1740699263.0,0,246,internal,0,2025-02-27 18:34:23.f - M0 [LC:246] Internal event,0,4,42.0,161.0,9.0
2025-02-27 18:34:23,1740699263.0,0,253,receive,1,2025-02-27 18:34:23.f - M0 [LC:253] Received message. Queue length: 1,0,4,42.0,170.0,1.0
2025-02-27 18:34:23,1740699263.0,2,241,receive,4,2025-02-27 18:34:23.f - M2 [LC:241] Received message. Queue length: 4,2,2,42.0,79.0,7.0
2025-02-27 18:34:23,1740699263.0,2,240,receive,4,2025-02-27 18:34:23.f - M2 [LC:240] Received message. Queue length: 4,2,2,42.0,87.0,-2.0
2025-02-27 18:34:23,1740699263.0,1,251,receive,0,2025-02-27 18:34:23.f - M1 [LC:251] Received message. Queue length: 0,1,6,42.0,250.0,1.0
2025-02-27 18:34:23,1740699263.0,1,252,send_one,0,2025-02-27 18:34:23.f - M1 [LC:252] Sent message to VM 0,1,6,42.0,251.0,1.0
2025-02-27 18:34:23,1740699263.0,1,253,send_all,0,2025-02-27 18:34:23.f - M1 [LC:253] Sent messages to all VMs,1,6,42.0,252.0,1.0
2025-02-27 18:34:24,1740699264.0,0,254,receive,0,2025-02-27 18:34:24.f - M0 [LC:254] Received message. Queue length: 0,0,4,43.0,174.0,-2.0
2025-02-27 18:34:24,1740699264.0,0,255,internal,0,2025-02-27 18:34:24.f - M0 [LC:255] Internal event,0,4,43.0,175.0,-2.0
2025-02-27 18:34:24,1740699264.0,0,257,send_one,0,2025-02-27 18:34:24.f - M0 [LC:257] Sent message to VM 1,0,4,43.0,176.0,-1.0
2025-02-27 18:34:24,1740699264.0,0,256,internal,0,2025-02-27 18:34:24.f - M0 [LC:256] Internal event,0,4,43.0,168.0,6.0
2025-02-27 18:34:24,1740699264.0,2,242,receive,4,2025-02-27 18:34:24.f - M2 [LC:242] Received message. Queue length: 4,2,2,43.0,86.0,1.0
2025-02-27 18:34:24,1740699264.0,2,245,receive,3,2025-02-27 18:34:24.f - M2 [LC:245] Received message. Queue length: 3,2,2,43.0,83.0,5.0
2025-02-27 18:34:24,1740699264.0,1,259,internal,0,2025-02-27 18:34:24.f - M1 [LC:259] Internal event,1,6,43.0,258.0,1.0
2025-02-27 18:34:24,1740699264.0,1,258,internal,0,2025-02-27 18:34:24.f - M1 [LC:258] Internal event,1,6,43.0,256.0,2.0
2025-02-27 18:34:24,1740699264.0,1,257,internal,0,2025-02-27 18:34:24.f - M1 [LC:257] Internal event,1,6,43.0,259.0,-2.0
2025-02-27 18:34:24,1740699264.0,1,256,internal,0,2025-02-27 18:34:24.f - M1 [LC:256] Internal event,1,6,43.0,255.0,1.0
2025-02-27 18:34:24,1740699264.0,1,255,internal,0,2025-02-27 18:34:24.f - M1 [LC:255] Internal event,1,6,43.0,254.0,1.0
2025-02-27 18:34:24,1740699264.0,1,254,internal,0,2025-02-27 18:34:24.f - M1 [LC:254] Internal event,1,6,43.0,253.0,1.0
2025-02-27 18:34:25,1740699265.0,2,248,receive,2,2025-02-27 18:34:25.f - M2 [LC:248] Received message. Queue length: 2,2,2,44.0,84.0,5.0
2025-02-27 18:34:25,1740699265.0,0,260,send_one,0,2025-02-27 18:34:25.f - M0 [LC:260] Sent message to VM 1,0,4,44.0,180.0,-2.0
2025-02-27 18:34:25,1740699265.0,2,250,receive,2,2025-02-27 18:34:25.f - M2 [LC:250] Received message. Queue length: 2,2,2,44.0,89.0,1.0
2025-02-27 18:34:25,1740699265.0,0,261,internal,0,2025-02-27 18:34:25.f - M0 [LC:261] Internal event,0,4,44.0,181.0,-2.0
2025-02-27 18:34:25,1740699265.0,0,258,send_one,0,2025-02-27 18:34:25.f - M0 [LC:258] Sent message to VM 2,0,4,44.0,177.0,-1.0
2025-02-27 18:34:25,1740699265.0,0,259,internal,0,2025-02-27 18:34:25.f - M0 [LC:259] Internal event,0,4,44.0,172.0,5.0
2025-02-27 18:34:25,1740699265.0,1,265,internal,0,2025-02-27 18:34:25.f - M1 [LC:265] Internal event,1,6,44.0,261.0,4.0
2025-02-27 18:34:25,1740699265.0,1,264,receive,0,2025-02-27 18:34:25.f - M1 [LC:264] Received message. Queue length: 0,1,6,44.0,265.0,-1.0
2025-02-27 18:34:25,1740699265.0,1,263,internal,0,2025-02-27 18:34:25.f - M1 [LC:263] Internal event,1,6,44.0,264.0,-1.0
2025-02-27 18:34:25,1740699265.0,1,262,internal,0,2025-02-27 18:34:25.f - M1 [LC:262] Internal event,1,6,44.0,263.0,-1.0
2025-02-27 18:34:25,1740699265.0,1,261,internal,0,2025-02-27 18:34:25.f - M1 [LC:261] Internal event,1,6,44.0,257.0,4.0
2025-02-27 18:34:25,1740699265.0,1,260,receive,0,2025-02-27 18:34:25.f - M1 [LC:260] Received message. Queue length: 0,1,6,44.0,262.0,-2.0
2025-02-27 18:34:26,1740699266.0,2,259,receive,1,2025-02-27 18:34:26.f - M2 [LC:259] Received message. Queue length: 1,2,2,45.0,91.0,1.0
2025-02-27 18:34:26,1740699266.0,2,254,receive,1,2025-02-27 18:34:26.f - M2 [LC:254] Received message. Queue length: 1,2,2,45.0,90.0,1.0
2025-02-27 18:34:26,1740699266.0,1,270,internal,0,2025-02-27 18:34:26.f - M1 [LC:270] Internal event,1,6,45.0,271.0,-1.0
2025-02-27 18:34:26,1740699266.0,1,271,internal,0,2025-02-27 18:34:26.f - M1 [LC:271] Internal event,1,6,45.0,268.0,3.0
2025-02-27 18:34:26,1740699266.0,1,268,internal,0,2025-02-27 18:34:26.f - M1 [LC:268] Internal event,1,6,45.0,267.0,1.0
2025-02-27 18:34:26,1740699266.0,1,267,internal,0,2025-02-27 18:34:26.f - M1 [LC:267] Internal event,1,6,45.0,269.0,-2.0
2025-02-27 18:34:26,1740699266.0,1,266,internal,0,2025-02-27 18:34:26.f - M1 [LC:266] Internal event,1,6,45.0,260.0,6.0
2025-02-27 18:34:26,1740699266.0,1,269,send_all,0,2025-02-27 18:34:26.f - M1 [LC:269] Sent messages to all VMs,1,6,45.0,266.0,3.0
2025-02-27 18:34:26,1740699266.0,0,263,internal,0,2025-02-27 18:34:26.f - M0 [LC:263] Internal event,0,4,45.0,183.0,-2.0
2025-02-27 18:34:26,1740699266.0,0,270,receive,0,2025-02-27 18:34:26.f - M0 [LC:270] Received message. Queue length: 0,0,4,45.0,173.0,9.0
2025-02-27 18:34:26,1740699266.0,0,271,internal,0,2025-02-27 18:34:26.f - M0 [LC:271] Internal event,0,4,45.0,182.0,1.0
2025-02-27 18:34:26,1740699266.0,0,262,internal,0,2025-02-27 18:34:26.f - M0 [LC:262] Internal event,0,4,45.0,179.0,1.0
2025-02-27 18:34:27,1740699267.0,2,271,internal,0,2025-02-27 18:34:27.f - M2 [LC:271] Internal event,2,2,46.0,93.0,1.0
2025-02-27 18:34:27,1740699267.0,2,270,receive,0,2025-02-27 18:34:27.f - M2 [LC:270] Received message. Queue length: 0,2,2,46.0,92.0,1.0
2025-02-27 18:34:27,1740699267.0,1,272,internal,0,2025-02-27 18:34:27.f - M1 [LC:272] Internal event,1,6,46.0,270.0,2.0
2025-02-27 18:34:27,1740699267.0,1,274,internal,0,2025-02-27 18:34:27.f - M1 [LC:274] Internal event,1,6,46.0,272.0,2.0
2025-02-27 18:34:27,1740699267.0,1,275,internal,0,2025-02-27 18:34:27.f - M1 [LC:275] Internal event,1,6,46.0,274.0,1.0
2025-02-27 18:34:27,1740699267.0,1,276,internal,0,2025-02-27 18:34:27.f - M1 [LC:276] Internal event,1,6,46.0,275.0,1.0
2025-02-27 18:34:27,1740699267.0,1,273,internal,0,2025-02-27 18:34:27.f - M1 [LC:273] Internal event,1,6,46.0,276.0,-3.0
2025-02-27 18:34:27,1740699267.0,0,275,internal,0,2025-02-27 18:34:27.f - M0 [LC:275] Internal event,0,4,46.0,186.0,1.0
2025-02-27 18:34:27,1740699267.0,0,274,internal,0,2025-02-27 18:34:27.f - M0 [LC:274] Internal event,0,4,46.0,185.0,1.0
2025-02-27 18:34:27,1740699267.0,0,272,internal,0,2025-02-27 18:34:27.f - M0 [LC:272] Internal event,0,4,46.0,178.0,6.0
2025-02-27 18:34:27,1740699267.0,0,273,internal,0,2025-02-27 18:34:27.f - M0 [LC:273] Internal event,0,4,46.0,184.0,1.0
2025-02-27 18:34:27,1740699267.0,1,277,internal,0,2025-02-27 18:34:27.f - M1 [LC:277] Internal event,1,6,46.0,273.0,4.0
2025-02-27 18:34:28,1740699268.0,1,278,internal,0,2025-02-27 18:34:28.f - M1 [LC:278] Internal event,1,6,47.0,277.0,1.0
2025-02-27 18:34:28,1740699268.0,2,281,receive,0,2025-02-27 18:34:28.f - M2 [LC:281] Received message. Queue length: 0,2,2,47.0,97.0,-1.0
2025-02-27 18:34:28,1740699268.0,2,272,internal,0,2025-02-27 18:34:28.f - M2 [LC:272] Internal event,2,2,47.0,94.0,1.0
2025-02-27 18:34:28,1740699268.0,0,282,internal,0,2025-02-27 18:34:28.f - M0 [LC:282] Internal event,0,4,47.0,190.0,1.0
2025-02-27 18:34:28,1740699268.0,0,281,receive,0,2025-02-27 18:34:28.f - M0 [LC:281] Received message. Queue length: 0,0,4,47.0,189.0,1.0
2025-02-27 18:34:28,1740699268.0,1,282,internal,0,2025-02-27 18:34:28.f - M1 [LC:282] Internal event,1,6,47.0,278.0,4.0
2025-02-27 18:34:28,1740699268.0,1,281,send_one,0,2025-02-27 18:34:28.f - M1 [LC:281] Sent message to VM 2,1,6,47.0,282.0,-1.0
2025-02-27 18:34:28,1740699268.0,1,280,send_all,0,2025-02-27 18:34:28.f - M1 [LC:280] Sent messages to all VMs,1,6,47.0,281.0,-1.0
2025-02-27 18:34:28,1740699268.0,0,277,internal,0,2025-02-27 18:34:28.f - M0 [LC:277] Internal event,0,4,47.0,188.0,1.0
2025-02-27 18:34:28,1740699268.0,0,276,internal,0,2025-02-27 18:34:28.f - M0 [LC:276] Internal event,0,4,47.0,187.0,1.0
2025-02-27 18:34:28,1740699268.0,1,279,internal,0,2025-02-27 18:34:28.f - M1 [LC:279] Internal event,1,6,47.0,280.0,-1.0
2025-02-27 18:34:28,1740699268.0,1,283,internal,0,2025-02-27 18:34:28.f - M1 [LC:283] Internal event,1,6,47.0,279.0,4.0
2025-02-27 18:34:29,1740699269.0,2,282,receive,0,2025-02-27 18:34:29.f - M2 [LC:282] Received message. Queue length: 0,2,2,48.0,95.0,2.0
2025-02-27 18:34:29,1740699269.0,2,285,receive,1,2025-02-27 18:34:29.f - M2 [LC:285] Received message. Queue length: 1,2,2,48.0,100.0,-2.0
2025-02-27 18:34:29,1740699269.0,0,283,internal,0,2025-02-27 18:34:29.f - M0 [LC:283] Internal event,0,4,48.0,191.0,1.0
2025-02-27 18:34:29,1740699269.0,1,289,internal,0,2025-02-27 18:34:29.f - M1 [LC:289] Internal event,1,6,48.0,284.0,5.0
2025-02-27 18:34:29,1740699269.0,0,285,internal,0,2025-02-27 18:34:29.f - M0 [LC:285] Internal event,0,4,48.0,192.0,2.0
2025-02-27 18:34:29,1740699269.0,0,286,internal,0,2025-02-27 18:34:29.f - M0 [LC:286] Internal event,0,4,48.0,194.0,1.0
2025-02-27 18:34:29,1740699269.0,1,284,send_one,0,2025-02-27 18:34:29.f - M1 [LC:284] Sent message to VM 2,1,6,48.0,286.0,-2.0
2025-02-27 18:34:29,1740699269.0,1,285,internal,0,2025-02-27 18:34:29.f - M1 [LC:285] Internal event,1,6,48.0,289.0,-4.0
2025-02-27 18:34:29,1740699269.0,0,284,internal,0,2025-02-27 18:34:29.f - M0 [LC:284] Internal event,0,4,48.0,195.0,-2.0
2025-02-27 18:34:29,1740699269.0,1,287,internal,0,2025-02-27 18:34:29.f - M1 [LC:287] Internal event,1,6,48.0,288.0,-1.0
2025-02-27 18:34:29,1740699269.0,1,288,internal,0,2025-02-27 18:34:29.f - M1 [LC:288] Internal event,1,6,48.0,283.0,5.0
2025-02-27 18:34:29,1740699269.0,1,286,send_one,0,2025-02-27 18:34:29.f - M1 [LC:286] Sent message to VM 2,1,6,48.0,287.0,-1.0
2025-02-27 18:34:30,1740699270.0,1,293,internal,0,2025-02-27 18:34:30.f - M1 [LC:293] Internal event,1,6,49.0,285.0,8.0
2025-02-27 18:34:30,1740699270.0,1,294,receive,0,2025-02-27 18:34:30.f - M1 [LC:294] Received message. Queue length: 0,1,6,49.0,293.0,1.0
2025-02-27 18:34:30,1740699270.0,1,295,internal,0,2025-02-27 18:34:30.f - M1 [LC:295] Internal event,1,6,49.0,294.0,1.0
2025-02-27 18:34:30,1740699270.0,2,288,receive,0,2025-02-27 18:34:30.f - M2 [LC:288] Received message. Queue length: 0,2,2,49.0,99.0,1.0
2025-02-27 18:34:30,1740699270.0,2,287,receive,0,2025-02-27 18:34:30.f - M2 [LC:287] Received message. Queue length: 0,2,2,49.0,96.0,3.0
2025-02-27 18:34:30,1740699270.0,1,291,receive,0,2025-02-27 18:34:30.f - M1 [LC:291] Received message. Queue length: 0,1,6,49.0,295.0,-4.0
2025-02-27 18:34:30,1740699270.0,1,290,internal,0,2025-02-27 18:34:30.f - M1 [LC:290] Internal event,1,6,49.0,291.0,-1.0
2025-02-27 18:34:30,1740699270.0,1,292,internal,0,2025-02-27 18:34:30.f - M1 [LC:292] Internal event,1,6,49.0,290.0,2.0
2025-02-27 18:34:30,1740699270.0,0,287,send_all,0,2025-02-27 18:34:30.f - M0 [LC:287] Sent messages to all VMs,0,4,49.0,197.0,-1.0
2025-02-27 18:34:30,1740699270.0,0,288,internal,0,2025-02-27 18:34:30.f - M0 [LC:288] Internal event,0,4,49.0,198.0,-1.0
2025-02-27 18:34:30,1740699270.0,0,289,send_all,0,2025-02-27 18:34:30.f - M0 [LC:289] Sent messages to all VMs,0,4,49.0,199.0,-1.0
2025-02-27 18:34:30,1740699270.0,0,290,internal,0,2025-02-27 18:34:30.f - M0 [LC:290] Internal event,0,4,49.0,193.0,6.0
2025-02-27 18:34:31,1740699271.0,0,297,receive,0,2025-02-27 18:34:31.f - M0 [LC:297] Received message. Queue length: 0,0,4,50.0,196.0,4.0
2025-02-27 18:34:31,1740699271.0,0,298,send_one,0,2025-02-27 18:34:31.f - M0 [LC:298] Sent message to VM 1,0,4,50.0,200.0,1.0
2025-02-27 18:34:31,1740699271.0,1,296,send_one,0,2025-02-27 18:34:31.f - M1 [LC:296] Sent message to VM 0,1,6,50.0,297.0,-1.0
2025-02-27 18:34:31,1740699271.0,0,300,internal,0,2025-02-27 18:34:31.f - M0 [LC:300] Internal event,0,4,50.0,202.0,1.0
2025-02-27 18:34:31,1740699271.0,1,297,send_one,0,2025-02-27 18:34:31.f - M1 [LC:297] Sent message to VM 2,1,6,50.0,300.0,-3.0
2025-02-27 18:34:31,1740699271.0,1,299,receive,0,2025-02-27 18:34:31.f - M1 [LC:299] Received message. Queue length: 0,1,6,50.0,296.0,3.0
2025-02-27 18:34:31,1740699271.0,1,300,send_one,0,2025-02-27 18:34:31.f - M1 [LC:300] Sent message to VM 2,1,6,50.0,301.0,-1.0
2025-02-27 18:34:31,1740699271.0,1,301,internal,0,2025-02-27 18:34:31.f - M1 [LC:301] Internal event,1,6,50.0,292.0,9.0
2025-02-27 18:34:31,1740699271.0,2,290,receive,0,2025-02-27 18:34:31.f - M2 [LC:290] Received message. Queue length: 0,2,2,50.0,102.0,-1.0
2025-02-27 18:34:31,1740699271.0,2,298,receive,0,2025-02-27 18:34:31.f - M2 [LC:298] Received message. Queue length: 0,2,2,50.0,103.0,-1.0
2025-02-27 18:34:31,1740699271.0,0,299,internal,0,2025-02-27 18:34:31.f - M0 [LC:299] Internal event,0,4,50.0,204.0,-2.0
2025-02-27 18:34:32,1740699272.0,1,302,send_one,0,2025-02-27 18:34:32.f - M1 [LC:302] Sent message to VM 0,1,6,51.0,299.0,3.0
2025-02-27 18:34:32,1740699272.0,1,303,send_one,0,2025-02-27 18:34:32.f - M1 [LC:303] Sent message to VM 2,1,6,51.0,302.0,1.0
2025-02-27 18:34:32,1740699272.0,1,305,receive,0,2025-02-27 18:34:32.f - M1 [LC:305] Received message. Queue length: 0,1,6,51.0,303.0,2.0
2025-02-27 18:34:32,1740699272.0,1,307,internal,0,2025-02-27 18:34:32.f - M1 [LC:307] Internal event,1,6,51.0,305.0,2.0
2025-02-27 18:34:32,1740699272.0,2,301,receive,0,2025-02-27 18:34:32.f - M2 [LC:301] Received message. Queue length: 0,2,2,51.0,104.0,-1.0
2025-02-27 18:34:32,1740699272.0,2,304,receive,1,2025-02-27 18:34:32.f - M2 [LC:304] Received message. Queue length: 1,2,2,51.0,105.0,-1.0
2025-02-27 18:34:32,1740699272.0,0,303,receive,0,2025-02-27 18:34:32.f - M0 [LC:303] Received message. Queue length: 0,0,4,51.0,201.0,3.0
2025-02-27 18:34:32,1740699272.0,0,304,send_all,0,2025-02-27 18:34:32.f - M0 [LC:304] Sent messages to all VMs,0,4,51.0,203.0,2.0
2025-02-27 18:34:32,1740699272.0,0,307,receive,0,2025-02-27 18:34:32.f - M0 [LC:307] Received message. Queue length: 0,0,4,51.0,207.0,-1.0
2025-02-27 18:34:32,1740699272.0,0,308,internal,0,2025-02-27 18:34:32.f - M0 [LC:308] Internal event,0,4,51.0,205.0,2.0
2025-02-27 18:34:32,1740699272.0,1,304,internal,0,2025-02-27 18:34:32.f - M1 [LC:304] Internal event,1,6,51.0,307.0,-3.0
2025-02-27 18:34:32,1740699272.0,1,306,send_all,0,2025-02-27 18:34:32.f - M1 [LC:306] Sent messages to all VMs,1,6,51.0,304.0,2.0
2025-02-27 18:34:33,1740699273.0,2,305,receive,1,2025-02-27 18:34:33.f - M2 [LC:305] Received message. Queue length: 1,2,2,52.0,106.0,-1.0
2025-02-27 18:34:33,1740699273.0,2,307,receive,0,2025-02-27 18:34:33.f - M2 [LC:307] Received message. Queue length: 0,2,2,52.0,98.0,8.0
2025-02-27 18:34:33,1740699273.0,0,311,internal,0,2025-02-27 18:34:33.f - M0 [LC:311] Internal event,0,4,52.0,212.0,-2.0
2025-02-27 18:34:33,1740699273.0,0,310,internal,0,2025-02-27 18:34:33.f - M0 [LC:310] Internal event,0,4,52.0,208.0,1.0
2025-02-27 18:34:33,1740699273.0,0,309,internal,0,2025-02-27 18:34:33.f - M0 [LC:309] Internal event,0,4,52.0,206.0,2.0
2025-02-27 18:34:33,1740699273.0,1,312,internal,0,2025-02-27 18:34:33.f - M1 [LC:312] Internal event,1,6,52.0,313.0,-1.0
2025-02-27 18:34:33,1740699273.0,1,311,internal,0,2025-02-27 18:34:33.f - M1 [LC:311] Internal event,1,6,52.0,310.0,1.0
2025-02-27 18:34:33,1740699273.0,1,313,internal,0,2025-02-27 18:34:33.f - M1 [LC:313] Internal event,1,6,52.0,311.0,2.0
2025-02-27 18:34:33,1740699273.0,1,309,internal,0,2025-02-27 18:34:33.f - M1 [LC:309] Internal event,1,6,52.0,308.0,1.0
2025-02-27 18:34:33,1740699273.0,1,308,internal,0,2025-02-27 18:34:33.f - M1 [LC:308] Internal event,1,6,52.0,306.0,2.0
2025-02-27 18:34:33,1740699273.0,1,310,internal,0,2025-02-27 18:34:33.f - M1 [LC:310] Internal event,1,6,52.0,309.0,1.0
2025-02-27 18:34:34,1740699274.0,1,315,internal,0,2025-02-27 18:34:34.f - M1 [LC:315] Internal event,1,6,53.0,312.0,3.0
2025-02-27 18:34:34,1740699274.0,1,316,send_one,0,2025-02-27 18:34:34.f - M1 [LC:316] Sent message to VM 0,1,6,53.0,315.0,1.0
2025-02-27 18:34:34,1740699274.0,1,317,internal,0,2025-02-27 18:34:34.f - M1 [LC:317] Internal event,1,6,53.0,316.0,1.0
2025-02-27 18:34:34,1740699274.0,1,318,receive,0,2025-02-27 18:34:34.f - M1 [LC:318] Received message. Queue length: 0,1,6,53.0,317.0,1.0
2025-02-27 18:34:34,1740699274.0,0,312,internal,0,2025-02-27 18:34:34.f - M0 [LC:312] Internal event,0,4,53.0,210.0,1.0
2025-02-27 18:34:34,1740699274.0,0,313,receive,0,2025-02-27 18:34:34.f - M0 [LC:313] Received message. Queue length: 0,0,4,53.0,209.0,3.0
2025-02-27 18:34:34,1740699274.0,0,318,receive,0,2025-02-27 18:34:34.f - M0 [LC:318] Received message. Queue length: 0,0,4,53.0,217.0,-3.0
2025-02-27 18:34:34,1740699274.0,1,314,internal,0,2025-02-27 18:34:34.f - M1 [LC:314] Internal event,1,6,53.0,318.0,-4.0
2025-02-27 18:34:34,1740699274.0,2,309,send_all,0,2025-02-27 18:34:34.f - M2 [LC:309] Sent messages to all VMs,2,2,53.0,112.0,-4.0
2025-02-27 18:34:34,1740699274.0,2,308,send_one,0,2025-02-27 18:34:34.f - M2 [LC:308] Sent message to VM 0,2,2,53.0,108.0,-1.0
2025-02-27 18:34:34,1740699274.0,0,317,receive,0,2025-02-27 18:34:34.f - M0 [LC:317] Received message. Queue length: 0,0,4,53.0,215.0,-2.0
2025-02-27 18:34:34,1740699274.0,1,319,internal,0,2025-02-27 18:34:34.f - M1 [LC:319] Internal event,1,6,53.0,314.0,5.0
2025-02-27 18:34:35,1740699275.0,1,325,send_one,0,2025-02-27 18:34:35.f - M1 [LC:325] Sent message to VM 0,1,6,54.0,320.0,5.0
2025-02-27 18:34:35,1740699275.0,2,322,receive,0,2025-02-27 18:34:35.f - M2 [LC:322] Received message. Queue length: 0,2,2,54.0,111.0,-1.0
2025-02-27 18:34:35,1740699275.0,2,320,receive,0,2025-02-27 18:34:35.f - M2 [LC:320] Received message. Queue length: 0,2,2,54.0,101.0,8.0
2025-02-27 18:34:35,1740699275.0,1,320,receive,0,2025-02-27 18:34:35.f - M1 [LC:320] Received message. Queue length: 0,1,6,54.0,321.0,-1.0
2025-02-27 18:34:35,1740699275.0,0,322,receive,0,2025-02-27 18:34:35.f - M0 [LC:322] Received message. Queue length: 0,0,4,54.0,211.0,5.0
2025-02-27 18:34:35,1740699275.0,1,321,send_all,0,2025-02-27 18:34:35.f - M1 [LC:321] Sent messages to all VMs,1,6,54.0,323.0,-2.0
2025-02-27 18:34:35,1740699275.0,1,322,internal,0,2025-02-27 18:34:35.f - M1 [LC:322] Internal event,1,6,54.0,319.0,3.0
2025-02-27 18:34:35,1740699275.0,1,323,internal,0,2025-02-27 18:34:35.f - M1 [LC:323] Internal event,1,6,54.0,324.0,-1.0
2025-02-27 18:34:35,1740699275.0,0,325,receive,0,2025-02-27 18:34:35.f - M0 [LC:325] Received message. Queue length: 0,0,4,54.0,213.0,5.0
2025-02-27 18:34:35,1740699275.0,0,319,send_all,0,2025-02-27 18:34:35.f - M0 [LC:319] Sent messages to all VMs,0,4,54.0,216.0,-1.0
2025-02-27 18:34:35,1740699275.0,1,324,send_all,0,2025-02-27 18:34:35.f - M1 [LC:324] Sent messages to all VMs,1,6,54.0,322.0,2.0
2025-02-27 18:34:35,1740699275.0,0,323,internal,0,2025-02-27 18:34:35.f - M0 [LC:323] Internal event,0,4,54.0,218.0,-1.0
2025-02-27 18:34:36,1740699276.0,1,331,internal,0,2025-02-27 18:34:36.f - M1 [LC:331] Internal event,1,6,55.0,325.0,6.0
2025-02-27 18:34:36,1740699276.0,1,326,send_one,0,2025-02-27 18:34:36.f - M1 [LC:326] Sent message to VM 0,1,6,55.0,331.0,-5.0
2025-02-27 18:34:36,1740699276.0,1,327,internal,0,2025-02-27 18:34:36.f - M1 [LC:327] Internal event,1,6,55.0,326.0,1.0
2025-02-27 18:34:36,1740699276.0,0,330,receive,1,2025-02-27 18:34:36.f - M0 [LC:330] Received message. Queue length: 1,0,4,55.0,224.0,-2.0
2025-02-27 18:34:36,1740699276.0,0,329,receive,0,2025-02-27 18:34:36.f - M0 [LC:329] Received message. Queue length: 0,0,4,55.0,219.0,2.0
2025-02-27 18:34:36,1740699276.0,0,327,receive,0,2025-02-27 18:34:36.f - M0 [LC:327] Received message. Queue length: 0,0,4,55.0,221.0,-1.0
2025-02-27 18:34:36,1740699276.0,0,326,receive,0,2025-02-27 18:34:36.f - M0 [LC:326] Received message. Queue length: 0,0,4,55.0,214.0,5.0
2025-02-27 18:34:36,1740699276.0,1,328,send_one,0,2025-02-27 18:34:36.f - M1 [LC:328] Sent message to VM 0,1,6,55.0,327.0,1.0
2025-02-27 18:34:36,1740699276.0,2,325,receive,0,2025-02-27 18:34:36.f - M2 [LC:325] Received message. Queue length: 0,2,2,55.0,107.0,4.0
2025-02-27 18:34:36,1740699276.0,2,330,receive,0,2025-02-27 18:34:36.f - M2 [LC:330] Received message. Queue length: 0,2,2,55.0,109.0,3.0
2025-02-27 18:34:36,1740699276.0,1,329,send_all,0,2025-02-27 18:34:36.f - M1 [LC:329] Sent messages to all VMs,1,6,55.0,328.0,1.0
2025-02-27 18:34:36,1740699276.0,1,330,send_all,0,2025-02-27 18:34:36.f - M1 [LC:330] Sent messages to all VMs,1,6,55.0,329.0,1.0
2025-02-27 18:34:37,1740699277.0,1,335,receive,0,2025-02-27 18:34:37.f - M1 [LC:335] Received message. Queue length: 0,1,6,56.0,334.0,1.0
2025-02-27 18:34:37,1740699277.0,1,334,internal,0,2025-02-27 18:34:37.f - M1 [LC:334] Internal event,1,6,56.0,336.0,-2.0
2025-02-27 18:34:37,1740699277.0,1,333,internal,0,2025-02-27 18:34:37.f - M1 [LC:333] Internal event,1,6,56.0,335.0,-2.0
2025-02-27 18:34:37,1740699277.0,1,332,send_one,0,2025-02-27 18:34:37.f - M1 [LC:332] Sent message to VM 2,1,6,56.0,330.0,2.0
2025-02-27 18:34:37,1740699277.0,1,336,send_one,0,2025-02-27 18:34:37.f - M1 [LC:336] Sent message to VM 0,1,6,56.0,332.0,4.0
2025-02-27 18:34:37,1740699277.0,0,337,receive,0,2025-02-27 18:34:37.f - M0 [LC:337] Received message. Queue length: 0,0,4,56.0,225.0,1.0
2025-02-27 18:34:37,1740699277.0,0,331,receive,0,2025-02-27 18:34:37.f - M0 [LC:331] Received message. Queue length: 0,0,4,56.0,220.0,3.0
2025-02-27 18:34:37,1740699277.0,0,332,internal,0,2025-02-27 18:34:37.f - M0 [LC:332] Internal event,0,4,56.0,223.0,1.0
2025-02-27 18:34:37,1740699277.0,0,333,send_all,0,2025-02-27 18:34:37.f - M0 [LC:333] Sent messages to all VMs,0,4,56.0,222.0,3.0
2025-02-27 18:34:37,1740699277.0,2,331,receive,1,2025-02-27 18:34:37.f - M2 [LC:331] Received message. Queue length: 1,2,2,56.0,117.0,-4.0
2025-02-27 18:34:37,1740699277.0,2,333,receive,1,2025-02-27 18:34:37.f - M2 [LC:333] Received message. Queue length: 1,2,2,56.0,118.0,-4.0
2025-02-27 18:34:38,1740699278.0,1,342,internal,0,2025-02-27 18:34:38.f - M1 [LC:342] Internal event,1,6,57.0,333.0,9.0
2025-02-27 18:34:38,1740699278.0,1,341,internal,0,2025-02-27 18:34:38.f - M1 [LC:341] Internal event,1,6,57.0,342.0,-1.0
2025-02-27 18:34:38,1740699278.0,0,338,send_all,0,2025-02-27 18:34:38.f - M0 [LC:338] Sent messages to all VMs,0,4,57.0,228.0,-1.0
2025-02-27 18:34:38,1740699278.0,0,339,internal,0,2025-02-27 18:34:38.f - M0 [LC:339] Internal event,0,4,57.0,230.0,-2.0
2025-02-27 18:34:38,1740699278.0,0,340,internal,0,2025-02-27 18:34:38.f - M0 [LC:340] Internal event,0,4,57.0,227.0,2.0
2025-02-27 18:34:38,1740699278.0,0,341,internal,0,2025-02-27 18:34:38.f - M0 [LC:341] Internal event,0,4,57.0,226.0,4.0
2025-02-27 18:34:38,1740699278.0,2,339,receive,0,2025-02-27 18:34:38.f - M2 [LC:339] Received message. Queue length: 0,2,2,57.0,115.0,1.0
2025-02-27 18:34:38,1740699278.0,2,334,receive,1,2025-02-27 18:34:38.f - M2 [LC:334] Received message. Queue length: 1,2,2,57.0,114.0,1.0
2025-02-27 18:34:38,1740699278.0,1,337,internal,0,2025-02-27 18:34:38.f - M1 [LC:337] Internal event,1,6,57.0,341.0,-4.0
2025-02-27 18:34:38,1740699278.0,1,339,receive,0,2025-02-27 18:34:38.f - M1 [LC:339] Received message. Queue length: 0,1,6,57.0,337.0,2.0
2025-02-27 18:34:38,1740699278.0,1,340,internal,0,2025-02-27 18:34:38.f - M1 [LC:340] Internal event,1,6,57.0,339.0,1.0
2025-02-27 18:34:38,1740699278.0,1,343,send_one,0,2025-02-27 18:34:38.f - M1 [LC:343] Sent message to VM 0,1,6,57.0,340.0,3.0
2025-02-27 18:34:39,1740699279.0,2,340,internal,0,2025-02-27 18:34:39.f - M2 [LC:340] Internal event,2,2,58.0,116.0,1.0
2025-02-27 18:34:39,1740699279.0,2,341,send_one,0,2025-02-27 18:34:39.f - M2 [LC:341] Sent message to VM 0,2,2,58.0,110.0,8.0
2025-02-27 18:34:39,1740699279.0,1,344,internal,0,2025-02-27 18:34:39.f - M1 [LC:344] Internal event,1,6,58.0,347.0,-3.0
2025-02-27 18:34:39,1740699279.0,0,344,receive,0,2025-02-27 18:34:39.f - M0 [LC:344] Received message. Queue length: 0,0,4,58.0,234.0,-3.0
2025-02-27 18:34:39,1740699279.0,0,346,receive,0,2025-02-27 18:34:39.f - M0 [LC:346] Received message. Queue length: 0,0,4,58.0,229.0,3.0
2025-02-27 18:34:39,1740699279.0,0,348,receive,0,2025-02-27 18:34:39.f - M0 [LC:348] Received message. Queue length: 0,0,4,58.0,232.0,1.0
2025-02-27 18:34:39,1740699279.0,0,349,receive,0,2025-02-27 18:34:39.f - M0 [LC:349] Received message. Queue length: 0,0,4,58.0,235.0,-1.0
2025-02-27 18:34:39,1740699279.0,1,348,internal,0,2025-02-27 18:34:39.f - M1 [LC:348] Internal event,1,6,58.0,344.0,4.0
2025-02-27 18:34:39,1740699279.0,1,347,send_one,0,2025-02-27 18:34:39.f - M1 [LC:347] Sent message to VM 0,1,6,58.0,346.0,1.0
2025-02-27 18:34:39,1740699279.0,1,346,internal,0,2025-02-27 18:34:39.f - M1 [LC:346] Internal event,1,6,58.0,345.0,1.0
2025-02-27 18:34:39,1740699279.0,1,345,send_one,0,2025-02-27 18:34:39.f - M1 [LC:345] Sent message to VM 0,1,6,58.0,349.0,-4.0
2025-02-27 18:34:39,1740699279.0,1,349,internal,0,2025-02-27 18:34:39.f - M1 [LC:349] Internal event,1,6,58.0,343.0,6.0
2025-02-27 18:34:40,1740699280.0,1,352,internal,0,2025-02-27 18:34:40.f - M1 [LC:352] Internal event,1,6,59.0,348.0,4.0
2025-02-27 18:34:40,1740699280.0,1,353,internal,0,2025-02-27 18:34:40.f - M1 [LC:353] Internal event,1,6,59.0,352.0,1.0
2025-02-27 18:34:40,1740699280.0,1,354,internal,0,2025-02-27 18:34:40.f - M1 [LC:354] Internal event,1,6,59.0,353.0,1.0
2025-02-27 18:34:40,1740699280.0,1,355,internal,0,2025-02-27 18:34:40.f - M1 [LC:355] Internal event,1,6,59.0,354.0,1.0
2025-02-27 18:34:40,1740699280.0,1,350,send_one,0,2025-02-27 18:34:40.f - M1 [LC:350] Sent message to VM 2,1,6,59.0,355.0,-5.0
2025-02-27 18:34:40,1740699280.0,1,351,send_one,0,2025-02-27 18:34:40.f - M1 [LC:351] Sent message to VM 2,1,6,59.0,350.0,1.0
2025-02-27 18:34:40,1740699280.0,0,351,internal,0,2025-02-27 18:34:40.f - M0 [LC:351] Internal event,0,4,59.0,233.0,3.0
2025-02-27 18:34:40,1740699280.0,0,353,internal,0,2025-02-27 18:34:40.f - M0 [LC:353] Internal event,0,4,59.0,239.0,-1.0
2025-02-27 18:34:40,1740699280.0,0,352,internal,0,2025-02-27 18:34:40.f - M0 [LC:352] Internal event,0,4,59.0,238.0,-1.0
2025-02-27 18:34:40,1740699280.0,0,350,internal,0,2025-02-27 18:34:40.f - M0 [LC:350] Internal event,0,4,59.0,236.0,-1.0
2025-02-27 18:34:40,1740699280.0,2,351,receive,0,2025-02-27 18:34:40.f - M2 [LC:351] Received message. Queue length: 0,2,2,59.0,123.0,-4.0
2025-02-27 18:34:40,1740699280.0,2,352,receive,0,2025-02-27 18:34:40.f - M2 [LC:352] Received message. Queue length: 0,2,2,59.0,121.0,-1.0
2025-02-27 18:34:41,1740699281.0,0,354,internal,0,2025-02-27 18:34:41.f - M0 [LC:354] Internal event,0,4,60.0,231.0,8.0
2025-02-27 18:34:41,1740699281.0,1,359,internal,0,2025-02-27 18:34:41.f - M1 [LC:359] Internal event,1,6,60.0,360.0,-1.0
2025-02-27 18:34:41,1740699281.0,1,358,internal,0,2025-02-27 18:34:41.f - M1 [LC:358] Internal event,1,6,60.0,359.0,-1.0
2025-02-27 18:34:41,1740699281.0,1,357,receive,0,2025-02-27 18:34:41.f - M1 [LC:357] Received message. Queue length: 0,1,6,60.0,356.0,1.0
2025-02-27 18:34:41,1740699281.0,1,356,internal,0,2025-02-27 18:34:41.f - M1 [LC:356] Internal event,1,6,60.0,351.0,5.0
2025-02-27 18:34:41,1740699281.0,2,354,send_one,0,2025-02-27 18:34:41.f - M2 [LC:354] Sent message to VM 0,2,2,60.0,119.0,3.0
2025-02-27 18:34:41,1740699281.0,0,354,other,0,2025-02-27 18:34:41.f - M0 [LC:354] Stopped VM 0,0,4,60.0,237.0,3.0
2025-02-27 18:34:41,1740699281.0,1,360,send_all,0,2025-02-27 18:34:41.f - M1 [LC:360] Sent messages to all VMs,1,6,60.0,357.0,3.0
2025-02-27 18:34:41,1740699281.0,2,353,send_one,0,2025-02-27 18:34:41.f - M2 [LC:353] Sent message to VM 1,2,2,60.0,122.0,-1.0
2025-02-27 18:34:42,1740699282.0,2,361,receive,0,2025-02-27 18:34:42.f - M2 [LC:361] Received message. Queue length: 0,2,2,61.0,113.0,10.0
2025-02-27 18:34:42,1740699282.0,2,362,internal,0,2025-02-27 18:34:42.f - M2 [LC:362] Internal event,2,2,61.0,127.0,-3.0
2025-02-27 18:34:42,1740699282.0,1,360,other,0,2025-02-27 18:34:42.f - M1 [LC:360] Stopped VM 1,1,6,61.0,358.0,2.0
2025-02-27 18:34:43,1740699283.0,2,362,other,0,2025-02-27 18:34:43.f - M2 [LC:362] Stopped VM 2,2,2,62.0,120.0,5.0
